Shipment_ID,Origin_City,Destination_City,Carrier,Transport_Mode,Distance_KM,Weight_KG,Delivery_Time_Days,Shipping_Cost_INR,On_Time,Distance_KM_norm,Weight_KG_norm,Delivery_Time_Days_norm,Shipping_Cost_INR_norm
SHIP100358,Bangalore,Pune,Ekart,Air,601.3,12.28,7.28,4798.3,Yes,0.6220771576863396,0.05234581651120701,0.6908674054260604,0.4687313773605259
SHIP100338,Chennai,Pune,Bluedart,Road,663.7,22.36,7.01,5816.6,Yes,0.6888544063352776,0.09912292913824307,0.6633549866259074,0.575379862570812
SHIP100298,Pune,Bangalore,Delhivery,Rail,508.2,50.02,5.91,5427.91,Yes,0.5224463588206968,0.22748155366838368,0.5512673544771366,0.5346716236270959
SHIP100013,Pune,Pune,Bluedart,Air,537.6,51.61,6.79,5849.22,Yes,0.5539087163572156,0.2348600863149102,0.6409374601961533,0.5787962168746118
SHIP100420,Pune,Pune,Delhivery,Road,409.8,44.11,4.59,4250.2,Yes,0.41714377441275624,0.2000556870388417,0.4167621958986116,0.41132782757779224
SHIP100404,Bangalore,Delhi,Xpressbees,Rail,353.6,54.42,4.18,3399.15,Yes,0.35700144470009104,0.24790013457701054,0.37498407846134246,0.3221957512366218
SHIP100481,Kolkata,Mumbai,Xpressbees,Road,470.7,143.37,4.48,6510.15,Yes,0.48231580073840236,0.6606803099911829,0.40555343268373456,0.6480166659859095
SHIP100173,Mumbai,Hyderabad,Dtdc,Rail,378.1,26.68,5.9,3367.14,Yes,0.3832200759805234,0.11917026312125852,0.550248376003057,0.3188432833866942
SHIP100065,Kolkata,Kolkata,Ekart,Air,412.3,88.51,5.19,4661.33,Yes,0.4198191449515759,0.4060977307531672,0.47790090434339577,0.45438625016888023
SHIP100468,Pune,Kolkata,Dtdc,Road,372.7,121.91,4.96,5560.39,Yes,0.37744127561667296,0.5610933221959256,0.4544643994395618,0.548546504625484
SHIP100301,Chennai,Bangalore,Ekart,Road,168.6,62.91,3.02,2255.94,Yes,0.15902402482743863,0.28729871455752004,0.25678257546809324,0.2024652054473151
SHIP100228,Kolkata,Mumbai,Ekart,Road,239.4,20.84,3.81,2617.76,Yes,0.23479051848681048,0.09206923755162652,0.3372818749203923,0.24035929846389734
SHIP100476,Pune,Pune,Xpressbees,Air,394.3,82.66,5.21,5026.56,Yes,0.4005564770720746,0.37895029931783375,0.47993886129155516,0.4926374789357983
SHIP100109,Pune,Chennai,Bluedart,Air,541.4,16.88,7.33,4534.2,Yes,0.5579752795762214,0.07369251473386235,0.695962297796459,0.44107168479052045
SHIP100453,Mumbai,Kolkata,Ekart,Road,161.6,69.97,3.07,2286.28,Yes,0.15153298731874368,0.32006125574272587,0.26187746783849186,0.20564277103828055
SHIP100474,Mumbai,Pune,Delhivery,Road,464.8,128.53,5.91,5593.5,Yes,0.47600192626678806,0.5918140052902686,0.5512673544771366,0.5520141775561651
SHIP100302,Mumbai,Bangalore,Ekart,Road,609.0,60.65,7.38,6369.32,Yes,0.6303172989459042,0.2768109889089981,0.7010571901668576,0.6332672736927104
SHIP100490,Mumbai,Chennai,Ekart,Road,792.2,151.65,8.37,8313.02,Yes,0.8263684520306065,0.6991043667919625,0.8019360591007514,0.8368346513841892
SHIP100032,Delhi,Delhi,Bluedart,Road,528.6,187.41,4.7,7843.59,Yes,0.5442773824174649,0.8650517425402571,0.4279709591134887,0.7876703595131644
SHIP100248,Pune,Pune,Dtdc,Rail,718.7,70.405,5.71,6101.02,Yes,0.7477125581893094,0.32207991090073784,0.5308877849955419,0.6051677071780098
SHIP100478,Delhi,Chennai,Ekart,Air,507.5,92.67,6.67,5805.45,Yes,0.5216972550698272,0.42540257088495986,0.6287097185071965,0.5742121019795374
SHIP100485,Pune,Pune,Dtdc,Road,314.6,102.88,4.94,3558.35,Yes,0.31526566429450487,0.4727829597661144,0.4524264424914024,0.3388690683784047
SHIP100202,Hyderabad,Mumbai,Delhivery,Road,321.0,203.55,3.82,5792.4,Yes,0.3221146128738831,0.9399508097823565,0.338300853394472,0.5728453507942344
SHIP100246,Mumbai,Kolkata,Delhivery,Rail,614.4,70.405,5.395,5684.78,No,0.6360960993097545,0.32207991090073784,0.4987899630620302,0.5615741046208758
SHIP100147,Hyderabad,Hyderabad,Xpressbees,Road,518.6,75.94,5.29,5292.21,Yes,0.5335759002621865,0.34776555756647637,0.48809068908419306,0.5204595059377746
SHIP100330,Bangalore,Hyderabad,Ekart,Road,454.4,146.66,3.9,5815.53,Yes,0.46487238482529836,0.6759478398069515,0.34645268118710987,0.5752677994468061
SHIP100336,Mumbai,Bangalore,Bluedart,Road,416.3,78.08,4.14,4326.54,Yes,0.4240997378136873,0.35769641282658127,0.3709081645650235,0.41932306018208687
SHIP100310,Pune,Pune,Bluedart,Air,470.4,82.27,4.53,4853.04,Yes,0.481994756273744,0.37714047055547817,0.41064832505413323,0.47446440110638766
SHIP100363,Bangalore,Pune,Xpressbees,Air,284.0,24.07,3.17,2512.4,Yes,0.2825191288993526,0.1070583321731867,0.27206725257928926,0.2293247463655415
SHIP100313,Kolkata,Pune,Bluedart,Rail,329.7,41.67,5.02,3478.41,Yes,0.33142490234897537,0.1887326558076941,0.4605782702840402,0.33049680096437123
SHIP100227,Bangalore,Delhi,Dtdc,Road,354.1,47.79,4.9,3892.35,Yes,0.357536518807855,0.21713304561696598,0.44835052859508345,0.37384952017083867
SHIP100256,Hyderabad,Mumbai,Ekart,Air,462.1,127.47,6.32,5316.22,Yes,0.47311252608486287,0.5868949835259176,0.5930454719144058,0.5229741186549492
SHIP100089,Pune,Delhi,Delhivery,Road,331.8,103.31,2.95,3857.39,Yes,0.3336722136015839,0.4747784119912757,0.2496497261495351,0.37018809324070845
SHIP100457,Pune,Bangalore,Bluedart,Road,418.3,42.38,6.71,4693.7,No,0.426240034244743,0.19202747227249525,0.6327856324035155,0.4577764214997816
SHIP100308,Bangalore,Pune,Delhivery,Road,373.3,17.03,6.38,3454.92,No,0.37808336454598973,0.07438860271938373,0.5991593427588842,0.3280366488308255
SHIP100118,Bangalore,Delhi,Ekart,Road,410.2,54.23,5.48,4116.65,Yes,0.4175718336989674,0.24701842312868344,0.507451280091708,0.3973408834553983
SHIP100357,Kolkata,Bangalore,Ekart,Road,359.1,215.21,5.77,5765.92,Yes,0.36288725988549425,0.9940600491902176,0.5370016558400204,0.5700720503048222
SHIP100452,Mumbai,Chennai,Dtdc,Road,463.6,70.405,5.32,4205.45,Yes,0.47471774840815467,0.32207991090073784,0.4911476245064323,0.4066410754289556
SHIP100493,Bangalore,Chennai,Dtdc,Rail,177.5,136.51,3.02,3256.88,Yes,0.1685483439456365,0.6288458861200055,0.25678257546809324,0.30729554501952727
SHIP100236,Bangalore,Bangalore,Delhivery,Road,270.3,191.28,4.55,5723.74,Yes,0.26785809834662105,0.8830108125667084,0.4126862820022927,0.5656544591173825
SHIP100090,Pune,Delhi,Dtdc,Rail,261.6,48.09,4.77,2855.86,Yes,0.2585478088715288,0.21852522158800874,0.4351038084320468,0.2652959618524558
SHIP100377,Mumbai,Delhi,Xpressbees,Road,486.2,29.54,6.82,4201.22,Yes,0.49890309807908406,0.13244234071186597,0.6439943956183926,0.4061980595275126
SHIP100138,Bangalore,Bangalore,Delhivery,Road,672.9,46.13,7.89,6200.17,Yes,0.6986997699181338,0.2094296719105295,0.7530250923449241,0.6155518742295661
SHIP100101,Mumbai,Bangalore,Ekart,Rail,550.1,85.23,5.27,5543.94,Yes,0.5672855690513138,0.39087660680309994,0.48605273213603356,0.5468236650087608
SHIP100461,Mumbai,Mumbai,Bluedart,Road,755.1,172.7,5.83,9418.55,Yes,0.7866659532345232,0.7967887140934613,0.5431155266844988,0.9526188994982295
SHIP100232,Mumbai,Pune,Xpressbees,Road,749.0,147.31,5.86,5136.31,Yes,0.7801380491198032,0.6789642210775442,0.546172462106738,0.5041318040382523
SHIP100314,Bangalore,Bangalore,Xpressbees,Road,787.2,141.71,7.16,9768.28,Yes,0.8210177109529672,0.6529769362847464,0.6786396637371035,0.9892467839454391
SHIP100360,Pune,Mumbai,Delhivery,Air,407.0,126.36,4.76,5237.41,Yes,0.41414735940927827,0.5817439324330596,0.4340848299579671,0.5147201982784172
SHIP100155,Delhi,Delhi,Dtdc,Road,555.9,49.37,5.6,5025.84,Yes,0.5734924287013752,0.22446517239779107,0.5196790217806648,0.4925620719738506
SHIP100368,Delhi,Pune,Delhivery,Road,629.7,78.6,5.37,6797.92,Yes,0.6524693670073307,0.36010951784305534,0.49624251687683096,0.6781553624299476
SHIP100328,Mumbai,Bangalore,Dtdc,Air,821.3,84.61,7.84,7129.13,Yes,0.8575097651024668,0.38799944312961154,0.7479301999745255,0.7128436122448338
SHIP100340,Bangalore,Bangalore,Bluedart,Rail,554.3,101.01,5.29,6622.83,Yes,0.5717801915565306,0.464105062879948,0.48809068908419306,0.6598178555307341
SHIP100426,Bangalore,Mumbai,Dtdc,Road,260.3,55.99,2.9,2782.59,Yes,0.25715661619134256,0.2551858554921342,0.2445548337791364,0.2576222561553551
SHIP100253,Chennai,Bangalore,Ekart,Road,609.1,27.42,6.81,4537.47,Yes,0.6304243137674569,0.12260429718316396,0.6429754171443127,0.44141415807603324
SHIP100378,Kolkata,Pune,Delhivery,Road,954.4499999999998,34.29,10.31375,9870.953749999999,Yes,1.0,0.15448512692004268,1.0,1.0
SHIP100359,Mumbai,Hyderabad,Dtdc,Road,548.4,27.67,5.74,5502.3,Yes,0.5654663170849163,0.12376444382569957,0.5339447204177812,0.542462629042782
SHIP100115,Delhi,Chennai,Delhivery,Road,96.1,45.27,3.35,1525.03,Yes,0.08143827920166945,0.20543876746020698,0.29040886511272446,0.1259156185622615
SHIP100466,Kolkata,Bangalore,Ekart,Road,339.9,111.11,5.09,3774.49,Yes,0.34234041414735944,0.5109749872383869,0.46771111960259837,0.3615058194275564
SHIP100051,Mumbai,Pune,Dtdc,Road,554.3,103.81,8.53,6633.32,No,0.5717801915565306,0.4770987052763469,0.8182397146860272,0.6609164930735564
SHIP100271,Chennai,Pune,Bluedart,Air,656.8,201.74,7.68,7872.48,Yes,0.6814703836481354,0.9315513480903986,0.7316265443892497,0.7906960638613183
SHIP100496,Bangalore,Kolkata,Delhivery,Road,498.1,44.53,5.61,4804.1,Yes,0.5116378618438655,0.20200473339830155,0.5206980002547447,0.4693388223317719
SHIP100264,Hyderabad,Kolkata,Bluedart,Air,534.0,90.45,5.56,6470.49,Yes,0.5500561827813153,0.4151004686992436,0.5156031078843458,0.6438629991652869
SHIP100060,Pune,Pune,Ekart,Road,418.9,163.81,6.46,5908.04,Yes,0.42688212317405966,0.7555338994848949,0.6073111705515221,0.5849565467381775
SHIP100263,Pune,Hyderabad,Xpressbees,Road,205.8,192.97,3.9,4665.3,Yes,0.1988335384450747,0.8908534038702491,0.34645268118710987,0.4548020357785088
SHIP100164,Mumbai,Bangalore,Bluedart,Air,308.7,70.55,4.75,5136.31,Yes,0.3089517898228905,0.3227527959534085,0.4330658514838874,0.5041318040382523
SHIP100204,Pune,Mumbai,Ekart,Air,435.1,216.49,6.62,7320.32,Yes,0.4442185242656109,1.0,0.6236148261367979,0.7328673025987125
SHIP100422,Delhi,Pune,Delhivery,Road,446.5,172.33,2.86,6511.48,Yes,0.4564182139226284,0.7950716970625087,0.24047891988281744,0.6481559594017295
SHIP100132,Pune,Hyderabad,Delhivery,Rail,482.6,20.32,9.02,3620.17,No,0.4950505645031838,0.08965613253515244,0.8681696599159342,0.3453435939167528
SHIP100451,Pune,Pune,Bluedart,Road,583.6,128.31,7.92,7581.55,No,0.6031355342714968,0.5907930762448373,0.7560820277671634,0.7602264146398428
SHIP100212,Bangalore,Mumbai,Xpressbees,Rail,409.2,15.32,3.99,3231.92,Yes,0.4165016854834395,0.0664531996844401,0.35562348745382755,0.3046814370053382
SHIP100082,Chennai,Mumbai,Delhivery,Road,812.4,61.22,7.57,8012.67,Yes,0.847985445984269,0.2794561232539793,0.7204177811743727,0.8053784277438971
SHIP100442,Mumbai,Chennai,Xpressbees,Road,332.3,147.41,3.3,5136.31,Yes,0.3342072877093478,0.6794282797345584,0.2853139727423258,0.5041318040382523
SHIP100355,Bangalore,Mumbai,Bluedart,Rail,445.9,81.19,3.87,4388.68,Yes,0.45577612499331166,0.3721286370597243,0.3433957457648707,0.42583109992574514
SHIP100238,Hyderabad,Pune,Xpressbees,Road,587.9,30.85,6.66,5822.75,Yes,0.6077371715982665,0.1385215091187526,0.6276907400331168,0.5760239637041157
SHIP100168,Bangalore,Kolkata,Delhivery,Rail,290.3,22.15,4.82,2459.68,Yes,0.2892610626571781,0.09814840595851315,0.44019870080244555,0.22380328104069983
SHIP100300,Delhi,Mumbai,Dtdc,Road,397.5,17.85,6.52,3443.13,No,0.4039809513617637,0.07819388370690056,0.6134250413960004,0.32680185982893095
SHIP100030,Hyderabad,Bangalore,Delhivery,Air,478.9,216.49,5.23,8312.91,Yes,0.4910910161057307,1.0,0.4819768182397147,0.8368231308761138
SHIP100022,Kolkata,Pune,Ekart,Air,411.6,70.405,5.395,5088.24,Yes,0.4190700412007064,0.32207991090073784,0.4987899630620302,0.49909734200932326
SHIP100261,Mumbai,Mumbai,Dtdc,Road,224.2,87.43,3.19,3481.19,Yes,0.2185242656107871,0.40108589725741334,0.2741052095274487,0.3307879556230029
SHIP100031,Pune,Kolkata,Ekart,Road,450.5,156.67,3.97,7046.45,Yes,0.4606988067847398,0.7224001113740776,0.35358553050566804,0.7041843794478325
SHIP100362,Bangalore,Kolkata,Xpressbees,Road,379.5,127.0,5.58,5136.31,Yes,0.3847182834822624,0.5847139078379507,0.5176410648325054,0.5041318040382523
SHIP100052,Pune,Chennai,Bluedart,Road,471.5,29.25,5.6,4610.39,Yes,0.48317191931082465,0.13109657060652466,0.5196790217806648,0.44905120761107603
SHIP100482,Delhi,Pune,Ekart,Road,421.2,216.49,5.36,7921.5,Yes,0.42934346406977375,1.0,0.49522353840275124,0.7958300211872618
SHIP100321,Bangalore,Hyderabad,Dtdc,Road,297.7,216.49,4.15,7605.23,Yes,0.29718015945208415,1.0,0.3719271430391033,0.7627064658327914
SHIP100244,Bangalore,Pune,Xpressbees,Air,409.2,17.18,6.79,3881.64,No,0.4165016854834395,0.0750846907049051,0.6409374601961533,0.3727278416118657
SHIP100237,Hyderabad,Chennai,Delhivery,Rail,504.3,86.56,5.48,4722.27,Yes,0.5182727807801382,0.3970485869413894,0.507451280091708,0.46076861164262556
SHIP100056,Mumbai,Mumbai,Bluedart,Road,445.1,53.33,5.4,4475.25,Yes,0.4549200064208894,0.24284189521555521,0.4992994522990702,0.43489773978104757
SHIP100364,Delhi,Delhi,Dtdc,Road,740.8,47.94,8.0,7103.22,Yes,0.7713628337524748,0.21782913360248735,0.7642338555598013,0.7101300089336303
SHIP100002,Chennai,Mumbai,Dtdc,Air,700.2,126.9,9.8,8990.24,No,0.7279148162020441,0.5842498491809365,0.9476499808941536,0.9077611830095548
SHIP100058,Bangalore,Hyderabad,Bluedart,Road,370.2,95.13,5.88,4510.81,Yes,0.37476590507785335,0.4368184138475103,0.5482104190548974,0.4386220058461342
SHIP100369,Bangalore,Pune,Bluedart,Road,372.3,19.36,4.26,3858.8,Yes,0.37701321633046186,0.08520116942781567,0.38313590625398036,0.37033576520785616
SHIP100431,Kolkata,Pune,Xpressbees,Air,419.6,37.4,5.41,4240.39,Yes,0.4276312269249292,0.16891735115318574,0.5003184307731499,0.41030040772125403
SHIP100341,Hyderabad,Hyderabad,Ekart,Road,508.6,20.82,6.91,5113.99,Yes,0.5228744181069079,0.09197642582022367,0.6531652018851102,0.5017941882178717
SHIP100293,Pune,Pune,Delhivery,Road,306.1,31.74,4.43,2747.9,Yes,0.30616940446251817,0.1426516311661794,0.40045854031333583,0.25398910683595527
SHIP100074,Chennai,Hyderabad,Dtdc,Road,583.6,100.2,5.66,7246.73,Yes,0.6031355342714968,0.46034618775813263,0.5257928926251433,0.7251600826963016
SHIP100324,Mumbai,Pune,Dtdc,Air,389.7,2.37,3.45,3436.64,Yes,0.39563379528064646,0.006357603601095179,0.30059864985352186,0.3261221498524851
SHIP100303,Delhi,Kolkata,Xpressbees,Air,436.0,60.65,7.24,4580.78,No,0.44518165765958595,0.2768109889089981,0.6867914915297414,0.44595009630097426
SHIP100414,Pune,Hyderabad,Dtdc,Road,281.6,216.49,3.11,5629.67,Yes,0.2799507731820858,1.0,0.2659533817348108,0.5558023300751243
SHIP100409,Delhi,Pune,Xpressbees,Road,371.6,106.53,4.03,5412.28,Yes,0.37626411257959236,0.48972110074713443,0.3596994013501465,0.5330346641614797
SHIP100080,Bangalore,Hyderabad,Xpressbees,Road,532.8,28.23,4.25,5136.31,Yes,0.5487720049226819,0.12636317230497934,0.38211692777990064,0.5041318040382523
SHIP100306,Pune,Pune,Xpressbees,Road,503.8,75.37,4.51,4568.23,Yes,0.5177377066723743,0.3451204232214952,0.40861036810597373,0.4446357110614682
SHIP100026,Kolkata,Bangalore,Xpressbees,Rail,339.6,61.56,3.57,4117.09,Yes,0.34201936968270114,0.28103392268782773,0.31282639154247865,0.39738696548769975
SHIP100305,Mumbai,Mumbai,Dtdc,Rail,954.4499999999998,38.75,10.31375,8233.35,Yes,1.0,0.17518214302287807,1.0,0.8284906615808861
SHIP100462,Kolkata,Delhi,Xpressbees,Road,337.9,56.5,3.96,4091.56,Yes,0.34020011771630376,0.25755255464290683,0.3525665520315883,0.394713160295302
SHIP100120,Kolkata,Pune,Xpressbees,Road,505.3,15.82,6.85,3759.18,Yes,0.519342928995666,0.06877349296951134,0.6470513310406317,0.3599023741672505
SHIP100347,Bangalore,Pune,Delhivery,Air,687.2,216.49,5.7,8847.58,Yes,0.7140028894001821,1.0,0.5298688065214622,0.8928201313547386
SHIP100459,Pune,Bangalore,Dtdc,Air,549.3,156.52,6.73,6852.61,Yes,0.5664294504788914,0.7217040233885563,0.6348235893516749,0.6838831495812295
SHIP100159,Chennai,Delhi,Bluedart,Road,530.0,216.49,4.89,7762.86,Yes,0.5457755899192039,1.0,0.4473315501210036,0.7792153539047715
SHIP100389,Bangalore,Chennai,Bluedart,Road,482.3,20.27,5.49,5136.31,Yes,0.49472952003852544,0.08942410320664532,0.5084702585657878,0.5041318040382523
SHIP100050,Pune,Bangalore,Dtdc,Air,447.2,125.67,5.395,6497.43,Yes,0.45716731767349783,0.5785419276996612,0.4987899630620302,0.6466844763248324
SHIP100429,Mumbai,Bangalore,Ekart,Road,757.9,54.34,7.4,6543.03,Yes,0.7896623682380011,0.24752888765139913,0.7030951471150172,0.6514602505815238
SHIP100294,Mumbai,Hyderabad,Ekart,Road,954.4499999999998,44.8,10.31375,9870.953749999999,Yes,1.0,0.20325769177223998,1.0,1.0
SHIP100014,Bangalore,Pune,Dtdc,Road,461.6,119.39,4.49,4888.92,Yes,0.47257745197709894,0.5493990440391665,0.4065724111578143,0.47822218137678457
SHIP100418,Delhi,Delhi,Dtdc,Road,516.1,133.56,7.25,6802.57,Yes,0.5309005297233668,0.6151561557380852,0.6878104700038211,0.6786423657258601
SHIP100447,Mumbai,Bangalore,Delhivery,Road,621.5,70.405,6.02,5698.64,Yes,0.6436941516400023,0.32207991090073784,0.5624761176920137,0.5630256886383702
SHIP100114,Mumbai,Kolkata,Ekart,Air,261.9,60.29,2.95,3148.76,Yes,0.2588688533361871,0.2751403777437468,0.2496497261495351,0.2959719329003717
SHIP100145,Mumbai,Delhi,Bluedart,Rail,133.1,37.02,3.32,1690.71,Yes,0.12103376317619992,0.16715392825653164,0.28735192969048523,0.14326759836157427
SHIP100003,Delhi,Pune,Ekart,Road,550.4,149.28,5.09,6377.5,Yes,0.5676066135159721,0.6881061766207248,0.46771111960259837,0.6341239805659503
SHIP100384,Bangalore,Kolkata,Bluedart,Air,472.7,16.51,4.15,3850.85,Yes,0.48445609716945803,0.07197549770290965,0.3719271430391033,0.3695031466696829
SHIP100059,Kolkata,Pune,Delhivery,Road,290.7,82.77,5.27,3806.69,Yes,0.2896891219433892,0.3794607638405494,0.48605273213603356,0.3648781863368869
SHIP100396,Mumbai,Hyderabad,Dtdc,Road,571.1,29.68,7.11,4435.72,Yes,0.5897586815773986,0.13309202283168592,0.6735447713667049,0.4307576881063322
SHIP100165,Mumbai,Delhi,Dtdc,Road,566.7,69.94,5.86,5955.12,Yes,0.5850500294290761,0.3199220381456216,0.546172462106738,0.5898873241944285
SHIP100222,Hyderabad,Mumbai,Bluedart,Road,508.2,142.38,5.32,5575.9,Yes,0.5224463588206968,0.6560861292867418,0.4911476245064323,0.5501708962641088
SHIP100098,Hyderabad,Mumbai,Delhivery,Air,391.9,79.52,6.38,4551.1,No,0.3979881213548077,0.3643788574875864,0.5991593427588842,0.44284165375846113
SHIP100469,Hyderabad,Delhi,Xpressbees,Road,325.4,37.58,4.17,2936.17,Yes,0.3268232650222056,0.16975265673581139,0.37396509998726274,0.27370698006637906
SHIP100040,Hyderabad,Bangalore,Dtdc,Rail,239.4,95.77,4.52,3331.16,Yes,0.23479051848681048,0.4397883892524015,0.4096293465800534,0.315075029927138
SHIP100249,Mumbai,Delhi,Dtdc,Air,401.2,77.38,4.19,4817.84,Yes,0.4079404997592167,0.3544480022274815,0.37600305693542224,0.47077783852227495
SHIP100041,Mumbai,Bangalore,Delhivery,Air,125.6,76.63,2.68,2331.6,Yes,0.11300765155974105,0.3509675622998747,0.22213730734938225,0.21038922036532576
SHIP100395,Mumbai,Mumbai,Xpressbees,Rail,406.6,70.405,3.88,7060.54,Yes,0.4137193001230671,0.32207991090073784,0.3444147242389504,0.7056600518003936
SHIP100193,Mumbai,Hyderabad,Xpressbees,Rail,449.4,71.82,5.48,5178.82,Yes,0.45952164374765914,0.3286463408974894,0.507451280091708,0.5085839567499181
SHIP100206,Pune,Mumbai,Bluedart,Road,722.4,99.69,5.77,8327.71,Yes,0.7516721065867624,0.45797948860735993,0.5370016558400204,0.8383731628717066
SHIP100079,Hyderabad,Mumbai,Xpressbees,Rail,314.4,50.98,4.89,3065.46,Yes,0.31505163465139924,0.2319365167757204,0.4473315501210036,0.287247766330582
SHIP100028,Bangalore,Kolkata,Xpressbees,Road,380.1,23.76,3.14,3608.24,Yes,0.3853603724115791,0.10561975033644252,0.26901031715705004,0.344094142450035
SHIP100491,Bangalore,Bangalore,Xpressbees,Road,439.1,59.58,3.35,3826.28,Yes,0.4484991171277223,0.27184556127894566,0.29040886511272446,0.3669298840932156
SHIP100499,Pune,Hyderabad,Xpressbees,Road,611.1,70.405,5.92,7355.53,Yes,0.6325646101985126,0.32207991090073784,0.5522863329512163,0.7365549125017411
SHIP100245,Chennai,Mumbai,Dtdc,Road,516.1,28.83,5.81,5311.41,Yes,0.5309005297233668,0.12914752424706483,0.5410775697363392,0.5224703582563817
SHIP100367,Delhi,Bangalore,Xpressbees,Air,723.8,171.19,6.78,7716.32,Yes,0.7531703140885013,0.7897814283725463,0.6399184817220736,0.7743411316699815
SHIP100057,Bangalore,Bangalore,Xpressbees,Road,282.0,101.49,2.26,4308.19,Yes,0.2803788324682969,0.4663325444336164,0.17934021143803333,0.41740122997133483
SHIP100497,Bangalore,Chennai,Ekart,Air,541.6,23.37,5.81,4184.99,Yes,0.558189309219327,0.10380992157408696,0.5410775697363392,0.4044982609269401
SHIP100062,Mumbai,Pune,Xpressbees,Road,203.1,77.53,3.85,3118.54,Yes,0.1959441382631495,0.3551440902130029,0.34135778881671125,0.29280693513639755
SHIP100381,Chennai,Bangalore,Bluedart,Rail,364.5,136.07,5.93,4765.17,Yes,0.3686660602493446,0.6268040280291428,0.553305311425296,0.465261609792013
SHIP100111,Pune,Chennai,Bluedart,Road,643.1,27.09,8.44,6296.3,No,0.6668093530954039,0.12107290361501694,0.8090689084193096,0.6256197509685082
SHIP100084,Chennai,Delhi,Dtdc,Air,384.2,25.09,5.36,4059.42,Yes,0.38974798009524325,0.111791730474732,0.49522353840275124,0.3913470772994672
SHIP100200,Bangalore,Bangalore,Xpressbees,Air,244.5,79.68,3.79,3019.74,Yes,0.24024827438600252,0.36512135133880924,0.3352439179722328,0.2824594242468991
SHIP100146,Hyderabad,Kolkata,Delhivery,Air,585.6,68.23,8.06,5449.82,No,0.6052758307025524,0.311986635110678,0.7703477264042797,0.5369662993719229
SHIP100188,Bangalore,Pune,Dtdc,Road,634.3,111.9,7.6,5792.37,Yes,0.6573920487987587,0.5146410506287995,0.7234747165966118,0.5728422088374865
SHIP100129,Bangalore,Mumbai,Ekart,Road,582.3,65.38,7.11,5783.82,Yes,0.6017443415913105,0.2987609633857719,0.6735447713667049,0.5719467511643569
SHIP100326,Mumbai,Mumbai,Xpressbees,Road,278.1,119.07,4.42,5136.31,Yes,0.2762052544277383,0.5479140563367209,0.3994395618392561,0.5041318040382523
SHIP100096,Hyderabad,Mumbai,Delhivery,Air,194.1,40.45,3.13,2147.09,Yes,0.18631280432339883,0.18307114019212029,0.2679913386829703,0.19106513904729586
SHIP100216,Chennai,Pune,Ekart,Road,789.2,62.77,7.23,7894.77,Yes,0.8231580073840229,0.2866490324377001,0.6857725130556617,0.7930305377249511
SHIP100258,Hyderabad,Hyderabad,Xpressbees,Air,168.7,88.58,2.12,2959.31,Yes,0.1591310396489914,0.40642257181307717,0.1650745128009171,0.27613047603786683
SHIP100471,Pune,Mumbai,Bluedart,Air,435.0,123.1,5.16,4643.74,Yes,0.4441115094440581,0.566615620214395,0.47484396892115655,0.45254401619573975
SHIP100141,Bangalore,Bangalore,Ekart,Road,756.4,92.04,9.41,7940.81,No,0.7880571459147093,0.4224790013457701,0.9079098204050439,0.797852394013944
SHIP100456,Mumbai,Pune,Dtdc,Rail,840.8,81.45,7.66,7989.62,Yes,0.8783776553052599,0.3733351895679614,0.7295885874410902,0.8029643576426527
SHIP100220,Mumbai,Kolkata,Delhivery,Air,475.4,70.26,5.11,5469.48,Yes,0.4873454973513832,0.3214070258480672,0.46974907655075787,0.5390253283606632
SHIP100319,Mumbai,Pune,Ekart,Road,603.5,56.74,8.29,5949.61,No,0.624431483760501,0.25866629541974107,0.7937842313081135,0.5893102514717449
SHIP100162,Hyderabad,Pune,Xpressbees,Road,425.9,216.49,3.67,6636.16,Yes,0.4343731606827546,1.0,0.323016176283276,0.6612139316456837
SHIP100217,Bangalore,Mumbai,Bluedart,Road,727.8,111.22,8.1,7085.66,Yes,0.7574509069506128,0.5114854517611026,0.7744236403005985,0.7082909169172378
SHIP100316,Pune,Chennai,Bluedart,Rail,369.5,18.53,2.92,3206.27,Yes,0.37401680132698384,0.08134948257459743,0.24659279072729587,0.30199506398594916
SHIP100239,Pune,Chennai,Bluedart,Road,670.8,82.06,6.77,7482.09,Yes,0.6964524586655253,0.37616594737574827,0.6388995032479938,0.7498097807018923
SHIP100243,Chennai,Pune,Bluedart,Air,301.2,92.48,3.11,4167.0,Yes,0.3009256782064316,0.4245208594366328,0.2659533817348108,0.40261413419716197
SHIP100081,Hyderabad,Chennai,Dtdc,Road,328.0,88.6,3.51,4699.15,Yes,0.32960565038257805,0.40651538354447997,0.3067125206980002,0.4583472103089696
SHIP100489,Mumbai,Kolkata,Delhivery,Road,453.8,106.56,5.01,5280.65,Yes,0.4642302958959817,0.4898603183442387,0.45955929180996047,0.5192488052709466
SHIP100473,Delhi,Bangalore,Delhivery,Road,586.8,140.43,7.5,6521.94,Yes,0.6065600085611857,0.647036985474964,0.7132849318558145,0.6492514549878039
SHIP100187,Kolkata,Bangalore,Xpressbees,Road,667.5,84.68,6.1,5743.1,Yes,0.6929209695542834,0.3883242841895216,0.5706279454846516,0.5676820685386446
SHIP100427,Delhi,Chennai,Dtdc,Air,257.8,94.66,5.13,4086.52,Yes,0.25448124565252295,0.4346373381595433,0.4717870334989173,0.3941853115616677
SHIP100267,Pune,Bangalore,Bluedart,Air,659.7,31.32,6.76,5160.28,Yes,0.6845738134731663,0.14070258480671957,0.6378805247739141,0.5066422274797632
SHIP100179,Bangalore,Chennai,Delhivery,Air,677.3,41.13,7.28,5762.85,Yes,0.7034084220664563,0.18622673905981715,0.6908674054260604,0.5697505233976283
SHIP100292,Pune,Pune,Xpressbees,Road,333.7,43.12,4.32,2951.73,Yes,0.3357054952110868,0.19546150633440065,0.3892497770984588,0.27533660829958345
SHIP100053,Mumbai,Mumbai,Ekart,Rail,274.8,28.65,3.35,3018.85,Yes,0.2726737653164964,0.12831221866443918,0.29040886511272446,0.2823662128633804
SHIP100277,Pune,Chennai,Dtdc,Air,383.9,36.07,4.09,3122.4,Yes,0.3894269356305849,0.16274537101489628,0.36581327219462484,0.29321120023795083
SHIP100139,Pune,Chennai,Delhivery,Road,453.8,62.67,3.84,4991.24,Yes,0.4642302958959817,0.28618497378068586,0.34033881034263147,0.48893834852469426
SHIP100268,Mumbai,Chennai,Ekart,Road,317.8,74.9,3.78,3205.28,Yes,0.318690138584194,0.3429393475335282,0.3342249394981531,0.301891379413271
SHIP100443,Pune,Chennai,Xpressbees,Rail,120.5,12.54,2.71,1082.56,Yes,0.10754989566054901,0.05355236901944405,0.22519424277162142,0.07957489848861403
SHIP100066,Pune,Kolkata,Bluedart,Road,329.6,132.94,3.79,4796.8,Yes,0.33131788752742264,0.6122789920645969,0.3352439179722328,0.46857427952313474
SHIP100412,Delhi,Bangalore,Bluedart,Road,583.0,54.0,4.95,5301.99,Yes,0.60249344534218,0.24595108821755068,0.45344542096548207,0.5214837838375651
SHIP100494,Delhi,Bangalore,Delhivery,Road,125.4,21.0,2.13,1283.11,Yes,0.11279362191663549,0.09281173140284932,0.16609349127499679,0.10057887934781351
SHIP100289,Mumbai,Mumbai,Dtdc,Rail,319.0,57.48,4.12,3798.14,Yes,0.31997431644282737,0.26210032948164647,0.36887020761686407,0.3639827286637572
SHIP100221,Hyderabad,Chennai,Xpressbees,Rail,131.7,20.78,2.22,1217.27,Yes,0.11953555567446092,0.09179080235741797,0.17526429754171444,0.09368333160525708
SHIP100099,Chennai,Mumbai,Ekart,Road,404.9,65.03,3.78,4841.28,Yes,0.41190004815666975,0.2971367580862221,0.3342249394981531,0.4732327540612409
SHIP100278,Bangalore,Bangalore,Delhivery,Road,301.0,49.38,3.5,2731.42,Yes,0.3007116485633261,0.2245115782634925,0.3056935422239205,0.2522631252624843
SHIP100148,Pune,Bangalore,Ekart,Road,682.2,207.52,5.25,8220.98,Yes,0.7086521483225429,0.9583739384658221,0.4840147751878741,0.8271951280818669
SHIP100015,Delhi,Kolkata,Xpressbees,Road,94.4,128.17,3.48,2437.24,Yes,0.0796190272352721,0.5901433941250174,0.30365558527576103,0.2214530973933279
SHIP100163,Pune,Delhi,Bluedart,Road,452.6,96.65,6.66,5345.79,Yes,0.4629461180373483,0.44387210543412686,0.6276907400331168,0.5260710406893871
SHIP100284,Bangalore,Chennai,Delhivery,Road,24.7,10.53,2.38,324.42,Yes,0.005029696612980898,0.04422479001345769,0.19156795312699018,0.00017346219545269717
SHIP100046,Mumbai,Kolkata,Bluedart,Road,351.7,21.64,3.5,2871.59,Yes,0.3549681630905881,0.0957817068077405,0.3056935422239205,0.2669433945072312
SHIP100086,Pune,Kolkata,Delhivery,Air,207.5,82.99,3.51,3004.13,Yes,0.20065279041147202,0.38048169288598077,0.3067125206980002,0.28082455941911505
SHIP100037,Bangalore,Kolkata,Ekart,Road,618.2,113.92,8.57,6697.56,No,0.6401626625287604,0.5240150355004872,0.8223156285823462,0.6676444697895623
SHIP100416,Kolkata,Pune,Xpressbees,Road,353.5,55.27,3.97,3928.31,Yes,0.35689442987853826,0.25184463316163164,0.35358553050566804,0.377615678992563
SHIP100385,Kolkata,Delhi,Delhivery,Rail,799.0,135.04,8.59,7265.22,Yes,0.8336454598961958,0.622024223861896,0.8243535855305056,0.7270965753718768
SHIP100342,Pune,Bangalore,Xpressbees,Road,485.0,57.74,5.89,5268.97,Yes,0.4976189202204506,0.2633068819898835,0.5492293975289771,0.5180255367771274
SHIP100172,Delhi,Delhi,Xpressbees,Air,760.9,83.64,4.92,6309.24,Yes,0.7928728128845847,0.3834980741565734,0.45038848554324284,0.6269749816457361
SHIP100073,Delhi,Chennai,Xpressbees,Rail,341.0,106.29,3.44,4689.47,Yes,0.3435175771844401,0.48860735997030025,0.2995796713794421,0.4573334055983385
SHIP100424,Kolkata,Kolkata,Bluedart,Road,594.0,60.53,4.13,5075.0,Yes,0.6142650757129864,0.276254118520581,0.3698891860909438,0.49771069176461724
SHIP100104,Chennai,Bangalore,Bluedart,Road,334.2,70.405,4.32,4152.72,Yes,0.3362405693188507,0.32207991090073784,0.3892497770984588,0.4011185627851981
SHIP100213,Pune,Chennai,Xpressbees,Road,277.3,138.11,4.14,4924.96,Yes,0.275349135855316,0.6362708246322335,0.3709081645650235,0.48199671874983635
SHIP100242,Pune,Hyderabad,Bluedart,Road,292.0,9.16,5.395,2253.22,Yes,0.2910803146235754,0.03786718641236252,0.4987899630620302,0.2021803347021791
SHIP100016,Mumbai,Delhi,Bluedart,Road,280.9,203.84,3.59,5393.95,Yes,0.27920166943121627,0.9412965798876978,0.3148643484906381,0.5311149285885597
SHIP100480,Pune,Pune,Xpressbees,Air,112.5,35.97,3.16,1481.96,Yes,0.0989887099363262,0.162281312357882,0.27104827410520954,0.12140481599130303
SHIP100091,Mumbai,Pune,Ekart,Road,546.6,88.89,6.24,5793.9,Yes,0.5635400502969663,0.40786115364982134,0.5848936441217679,0.5730024486316255
SHIP100088,Chennai,Bangalore,Bluedart,Road,666.1,199.61,6.88,9150.25,Yes,0.6914227620525444,0.9216668986959952,0.6501082664628709,0.924519332983529
SHIP100380,Mumbai,Mumbai,Delhivery,Road,555.6,70.405,5.73,5390.94,Yes,0.5731713842367169,0.32207991090073784,0.5329257419437015,0.5307996855948613
SHIP100140,Kolkata,Mumbai,Dtdc,Air,505.6,68.28,3.87,4773.0,Yes,0.5196639734603243,0.3122186644391851,0.3433957457648707,0.4660816605031949
SHIP100194,Bangalore,Mumbai,Bluedart,Road,419.4,23.24,4.42,4258.83,Yes,0.4274171972818236,0.10320664531996843,0.3994395618392561,0.4122316638022494
SHIP100205,Pune,Mumbai,Dtdc,Rail,428.1,67.85,4.56,3944.2,Yes,0.4367274867569159,0.3102232122140238,0.41370526047637235,0.3792798687499934
SHIP100102,Bangalore,Bangalore,Delhivery,Road,532.1,141.48,3.34,5616.28,Yes,0.5480229011718124,0.6519096013736135,0.28938988663864473,0.554399970046679
SHIP100259,Mumbai,Kolkata,Ekart,Rail,354.8,48.89,4.46,4052.16,Yes,0.3582856225587245,0.2222376908441227,0.40351547573557506,0.39058672376649395
SHIP100174,Chennai,Mumbai,Delhivery,Road,490.4,105.59,5.42,5136.31,Yes,0.503397720584301,0.4853589493712005,0.5013374092472296,0.5041318040382523
SHIP100170,Pune,Pune,Xpressbees,Rail,580.0,94.16,7.39,6408.15,Yes,0.5992830006955965,0.4323170448744721,0.7020761686409374,0.6373340130433098
SHIP100295,Mumbai,Bangalore,Dtdc,Rail,278.4,204.94,2.53,5207.53,Yes,0.2765262988923966,0.9464012251148545,0.20685263023818617,0.5115908093575849
SHIP100157,Pune,Bangalore,Delhivery,Rail,521.0,23.25,6.06,3904.45,Yes,0.5361442559794533,0.10325305118566987,0.5665520315883327,0.3751167760591274
SHIP100070,Chennai,Mumbai,Xpressbees,Air,572.0,86.63,6.71,6894.73,Yes,0.5907218149713737,0.3973734280012993,0.6327856324035155,0.6882944568551737
SHIP100133,Bangalore,Mumbai,Delhivery,Road,216.6,69.08,1.84,2657.77,Yes,0.21039113917277547,0.31593113369529907,0.1365431155266845,0.2445496214465778
SHIP100281,Bangalore,Chennai,Delhivery,Road,20.0,38.6,0.5,712.07,Yes,0.0,0.17448605503735673,0.0,0.04077277997191086
SHIP100304,Pune,Hyderabad,Delhivery,Road,417.5,20.41,4.16,4303.81,Yes,0.4253839156723207,0.09007378532646526,0.372946121513183,0.4169425042861527
SHIP100372,Pune,Pune,Dtdc,Air,287.3,47.14,3.47,2820.61,Yes,0.28605061801059456,0.2141166643463734,0.3026366068016813,0.2616041626737633
SHIP100273,Bangalore,Chennai,Bluedart,Air,461.1,5.27,6.29,4305.7,Yes,0.472042377869335,0.01981530465450833,0.5899885364921665,0.4171404475612655
SHIP100454,Chennai,Pune,Bluedart,Air,405.7,82.86,5.42,4657.65,Yes,0.41275616672909204,0.3798784166318622,0.5013374092472296,0.45400083680781383
SHIP100333,Bangalore,Bangalore,Xpressbees,Road,531.4,40.14,6.65,5055.22,Yes,0.5472737974209428,0.18163255835537612,0.626671761559037,0.4956390949488856
SHIP100270,Pune,Kolkata,Xpressbees,Road,486.1,155.01,5.44,6125.36,Yes,0.4987960832575313,0.7146967376676411,0.5033753661953891,0.6077168814194104
SHIP100346,Pune,Delhi,Xpressbees,Road,480.3,70.59,5.77,4184.38,Yes,0.49258922360746976,0.3229384194162142,0.5370016558400204,0.4044343744730677
SHIP100458,Mumbai,Pune,Xpressbees,Rail,472.2,67.74,4.68,4569.32,Yes,0.4839210230616941,0.30971274769130813,0.4259330021653292,0.4447498688233058
SHIP100018,Bangalore,Pune,Bluedart,Road,232.3,88.84,4.05,2867.21,Yes,0.22719246615656274,0.4076291243213142,0.3617373582983059,0.26648466882204896
SHIP100177,Mumbai,Mumbai,Ekart,Road,133.1,1.0,5.04,1149.25,No,0.12103376317619992,0.0,0.4626162272321997,0.08655946833902547
SHIP100387,Kolkata,Kolkata,Xpressbees,Road,328.0,53.92,5.86,3402.2,No,0.32960565038257805,0.2455798412919393,0.546172462106738,0.32251518350598385
SHIP100020,Delhi,Pune,Bluedart,Rail,725.5,80.91,7.44,7151.22,Yes,0.7549895660548988,0.37082927282008443,0.7071710610113361,0.7151571397301478
SHIP100055,Pune,Pune,Bluedart,Road,421.5,79.56,5.04,5008.36,Yes,0.4296645085344321,0.3645644809503921,0.4626162272321997,0.49073135850878535
SHIP100382,Pune,Mumbai,Delhivery,Air,606.8,13.1,8.06,4308.97,Yes,0.6279629728717429,0.05615109749872384,0.7703477264042797,0.4174829208467783
SHIP100425,Kolkata,Hyderabad,Xpressbees,Rail,159.1,105.25,1.76,2665.64,Yes,0.14885761677992404,0.48378114993735205,0.12839128773404662,0.24537386143342346
SHIP100361,Kolkata,Chennai,Xpressbees,Rail,384.0,216.49,2.29,6885.19,Yes,0.3895339504521377,1.0,0.18239714686027256,0.6872953146093657
SHIP100034,Bangalore,Bangalore,Delhivery,Air,620.9,61.3,10.31375,6224.01,No,0.6430520627106855,0.2798273701795907,1.0,0.6180486825251698
SHIP100181,Delhi,Chennai,Xpressbees,Road,910.5,7.63,8.24,7675.54,Yes,0.9529669859275511,0.03076708896004455,0.7886893389377149,0.7700701651307734
SHIP100184,Pune,Kolkata,Ekart,Road,727.6,42.89,7.54,7002.78,Yes,0.7572368773075072,0.1943941714232679,0.7173608457521334,0.6996107377419175
SHIP100150,Pune,Mumbai,Ekart,Air,425.1,25.72,5.97,4273.82,Yes,0.4335170421103324,0.11471530001392174,0.557381225321615,0.41380159485724516
SHIP100207,Pune,Pune,Dtdc,Road,563.5,70.405,6.33,7625.66,Yes,0.581625555139387,0.32207991090073784,0.5940644503884855,0.7648461383780591
SHIP100240,Pune,Pune,Bluedart,Air,432.0,65.48,6.18,4521.38,Yes,0.44090106479747454,0.2992250220427862,0.5787797732772895,0.43972902194028396
SHIP100365,Mumbai,Bangalore,Ekart,Air,392.0,124.77,2.28,4527.68,Yes,0.3980951361763605,0.574365399786533,0.1813781683861928,0.440388832857327
SHIP100370,Pune,Pune,Ekart,Road,522.7,114.71,5.26,7073.2,Yes,0.5379635079458507,0.5276810988908998,0.48503375366195384,0.706985957547975
SHIP100296,Delhi,Delhi,Delhivery,Road,472.1,15.58,5.53,4785.93,Yes,0.48381400824014137,0.06765975219267716,0.5125461724621068,0.46743584386150683
SHIP100097,Bangalore,Hyderabad,Dtdc,Road,720.2,38.86,7.69,5553.6,Yes,0.7493177805126012,0.17569260754559377,0.7326455228633295,0.5478353750815601
SHIP100235,Delhi,Bangalore,Bluedart,Air,534.4,31.06,2.57,4912.88,Yes,0.5504842420675264,0.1394960322984825,0.21092854413450512,0.48073155749937946
SHIP100397,Bangalore,Chennai,Delhivery,Road,792.0,33.63,9.06,6840.51,Yes,0.8261544223875008,0.15142233978374867,0.8722455738122532,0.6826158936929408
SHIP100434,Kolkata,Bangalore,Xpressbees,Air,954.4499999999998,67.69,10.31375,9870.953749999999,Yes,1.0,0.30948071836280105,1.0,1.0
SHIP100154,Hyderabad,Mumbai,Delhivery,Road,345.5,83.54,5.8,4260.16,Yes,0.34833324415431544,0.3830340154995592,0.5400585912622595,0.4123709572180696
SHIP100122,Pune,Mumbai,Delhivery,Road,604.9,66.94,5.99,6457.39,Yes,0.62592969126224,0.3060002784351942,0.5594191822697745,0.642491011385404
SHIP100113,Pune,Pune,Bluedart,Road,298.9,42.69,3.67,2695.45,Yes,0.2984643373107176,0.1934660541092394,0.323016176283276,0.248495919121844
SHIP100280,Bangalore,Bangalore,Xpressbees,Air,257.0,141.11,3.14,3639.06,Yes,0.25362512708010065,0.6501925843426609,0.26901031715705004,0.3473219793489656
SHIP100351,Bangalore,Pune,Bluedart,Road,428.7,33.2,3.94,4364.65,Yes,0.43736957568623264,0.1494268875585874,0.3505285950834288,0.4233143925707385
SHIP100171,Mumbai,Mumbai,Delhivery,Road,382.9,37.43,4.21,3695.73,Yes,0.388356787415057,0.16905656875029001,0.3780410138835817,0.353257135645604
SHIP100108,Bangalore,Bangalore,Xpressbees,Air,725.1,80.9,6.72,8046.56,Yes,0.7545615067686876,0.37078286695438306,0.6338046108775951,0.8089277915500216
SHIP100078,Mumbai,Hyderabad,Bluedart,Road,455.8,76.36,5.29,4998.43,Yes,0.46637059232703737,0.34971460392593623,0.48809068908419306,0.489691370825256
SHIP100094,Bangalore,Pune,Dtdc,Road,629.3,16.48,5.91,5252.95,Yes,0.6520413077211195,0.07183628010580537,0.5512673544771366,0.5163477318737897
SHIP100061,Bangalore,Bangalore,Delhivery,Air,758.1,216.49,8.14,9809.31,Yes,0.7898763978811068,1.0,0.7784995541969176,0.9935439334575454
SHIP100440,Bangalore,Pune,Bluedart,Road,20.0,182.0,1.98,2534.92,Yes,0.0,0.8399461691957864,0.1508088141638008,0.23168330856424096
SHIP100467,Mumbai,Mumbai,Xpressbees,Road,443.3,50.72,5.19,4757.19,Yes,0.45299373963293926,0.2307299642674834,0.47790090434339577,0.46442584929709185
SHIP100125,Pune,Delhi,Xpressbees,Road,500.9,134.33,5.91,5542.83,Yes,0.5146342768473434,0.618729407397095,0.5512673544771366,0.5467074126090914
SHIP100337,Hyderabad,Bangalore,Ekart,Air,627.4,107.28,7.43,6145.51,Yes,0.6500080261116166,0.49320154067474126,0.7061520825372564,0.6098272290350318
SHIP100487,Pune,Delhi,Bluedart,Road,306.7,77.43,3.96,4111.21,Yes,0.30681149339183483,0.3546800315559887,0.3525665520315883,0.39677114196512636
SHIP100423,Bangalore,Hyderabad,Bluedart,Road,395.4,187.01,3.74,6095.32,Yes,0.4017336401091552,0.8631955079122,0.3301490256018342,0.6045707353959232
SHIP100274,Pune,Mumbai,Delhivery,Road,527.2,24.83,5.16,5287.11,Yes,0.542779174915726,0.11058517796649495,0.47484396892115655,0.5199253732906446
SHIP100410,Bangalore,Mumbai,Delhivery,Road,542.4,137.39,6.59,7497.23,Yes,0.5590454277917493,0.6329296023017309,0.6205578907145586,0.7513954215406271
SHIP100024,Hyderabad,Bangalore,Bluedart,Road,476.8,18.72,4.61,4200.78,Yes,0.4888437048531223,0.08223119402292449,0.41880015284677113,0.4061519774952111
SHIP100322,Mumbai,Delhi,Delhivery,Air,954.4499999999998,48.88,10.31375,9870.953749999999,Yes,1.0,0.22219128497842128,1.0,1.0
SHIP100350,Bangalore,Mumbai,Xpressbees,Rail,687.1,143.78,7.81,6599.73,Yes,0.7138958745786294,0.6625829504849413,0.7448732645522862,0.6573985488349101
SHIP100479,Hyderabad,Delhi,Delhivery,Rail,691.3,85.25,7.04,6206.28,Yes,0.7183904970838462,0.39096941853450273,0.6664119220481467,0.616191786087206
SHIP100126,Pune,Pune,Dtdc,Road,405.2,40.38,4.94,4469.2,Yes,0.4122210926213281,0.18274629913221033,0.4524264424914024,0.43426411183690306
SHIP100408,Pune,Pune,Ekart,Road,577.7,169.82,6.93,6604.18,Yes,0.5968216597998824,0.783423824771451,0.6552031588332696,0.6578646057525039
SHIP100283,Pune,Kolkata,Bluedart,Rail,612.7,70.405,6.95,6080.52,Yes,0.6342768473433572,0.32207991090073784,0.6572411157814291,0.6030207034003304
SHIP100178,Mumbai,Mumbai,Bluedart,Air,175.4,172.65,2.31,4519.73,Yes,0.166301032693028,0.7965566847649543,0.18443510380843203,0.4395562143191537
SHIP100436,Chennai,Hyderabad,Xpressbees,Rail,625.5,122.82,5.72,7434.83,Yes,0.6479747445021137,0.5653162559747551,0.5319067634696216,0.7448601515051545
SHIP100450,Delhi,Bangalore,Xpressbees,Air,745.2,63.54,8.16,7122.52,Yes,0.7760714859007974,0.2902222840967098,0.7805375111450771,0.7121513344413969
SHIP100223,Mumbai,Kolkata,Delhivery,Road,423.4,26.0,5.97,3589.62,Yes,0.431697790143935,0.11601466425356165,0.557381225321615,0.34214403462855264
SHIP100352,Pune,Pune,Bluedart,Road,68.1,47.34,1.09,1418.7,Yes,0.05147412916688962,0.2150447816604019,0.060119729970704375,0.1147794765290594
SHIP100093,Kolkata,Pune,Xpressbees,Air,579.4,101.31,6.28,6346.02,Yes,0.5986409117662798,0.46549723885099076,0.5889695580180868,0.6308270206185677
SHIP100069,Hyderabad,Pune,Ekart,Road,778.7,61.48,8.05,7822.41,Yes,0.8119214511209805,0.2806626757622163,0.7693287479302,0.785452138049201
SHIP100036,Hyderabad,Hyderabad,Dtdc,Air,20.0,7.68,2.62,322.7637500000005,Yes,0.0,0.03099911828855167,0.21602343650490383,0.0
SHIP100160,Bangalore,Delhi,Bluedart,Road,665.4,43.18,6.61,5117.05,Yes,0.6906736583016749,0.1957399415286092,0.6225958476627181,0.5021146678061497
SHIP100011,Chennai,Hyderabad,Ekart,Road,545.3,65.15,5.86,5961.04,Yes,0.56214885761678,0.2976936284746392,0.546172462106738,0.5905073369926656
SHIP100144,Mumbai,Mumbai,Xpressbees,Air,551.8,27.56,5.01,5653.33,Yes,0.569104821017711,0.12325397930298389,0.45955929180996047,0.558280286630241
SHIP100354,Kolkata,Bangalore,Bluedart,Road,683.5,42.53,7.66,6338.04,Yes,0.710043341002729,0.19272356025801662,0.7295885874410902,0.6299912601236465
SHIP100127,Delhi,Pune,Xpressbees,Road,739.3,42.63,6.34,5834.45,Yes,0.7697576114291831,0.19318761891503086,0.5950834288625653,0.5772493268357667
SHIP100421,Mumbai,Kolkata,Ekart,Rail,387.1,154.14,5.53,5116.47,Yes,0.39285140992027406,0.7106594273516171,0.5125461724621068,0.5020539233090251
SHIP100009,Delhi,Hyderabad,Delhivery,Air,416.3,53.73,4.33,3988.63,Yes,0.4240997378136873,0.2446981298436122,0.39026875557253854,0.38393310669351993
SHIP100375,Chennai,Kolkata,Xpressbees,Air,663.8,64.06,7.93,5782.7,Yes,0.6889614211568303,0.29263538911318393,0.7571010062412431,0.5718294514457714
SHIP100176,Mumbai,Pune,Delhivery,Air,194.7,90.21,4.79,2877.32,No,0.18695489325271553,0.41398672792240937,0.4371417653802063,0.2675435082460655
SHIP100231,Mumbai,Pune,Dtdc,Air,769.0,69.87,9.78,6788.11,No,0.8015410134303602,0.31959719708571166,0.945612023945994,0.6771279425734091
SHIP100210,Pune,Hyderabad,Dtdc,Road,669.8,99.06,7.56,7148.16,Yes,0.6953823104499974,0.4550559190681702,0.7193988027002929,0.7148366601418699
SHIP100128,Bangalore,Bangalore,Dtdc,Rail,538.4,28.37,5.38,4029.08,Yes,0.5547648349296378,0.1270128544247993,0.4972614953509107,0.38816951170850184
SHIP100143,Bangalore,Mumbai,Xpressbees,Road,918.3,73.51,9.9,7744.57,Yes,0.9613141420086684,0.3364889322010302,0.957839765634951,0.7772998076075152
SHIP100241,Pune,Chennai,Bluedart,Air,413.3,70.405,5.31,3796.03,Yes,0.4208892931671037,0.32207991090073784,0.4901286460323525,0.36376174437249365
SHIP100007,Bangalore,Mumbai,Xpressbees,Air,395.1,216.49,6.27,7483.35,Yes,0.4014125956444969,1.0,0.5879505795440071,0.7499417428853009
SHIP100254,Pune,Delhi,Dtdc,Road,582.6,83.16,7.41,5536.72,Yes,0.6020653860559689,0.38127059260290497,0.7041141255890969,0.5460675007514513
SHIP100371,Bangalore,Mumbai,Ekart,Road,445.6,60.82,6.29,4511.44,Yes,0.45545508052865336,0.27759988862592233,0.5899885364921665,0.4386879869378384
SHIP100353,Hyderabad,Bangalore,Xpressbees,Air,340.6,216.49,2.46,6166.94,Yes,0.343089517898229,1.0,0.19971978091962805,0.6120716334718935
SHIP100008,Chennai,Pune,Xpressbees,Road,340.3,82.9,4.63,3764.54,Yes,0.34276847343357064,0.380064040094668,0.4208381097949305,0.360463737106195
SHIP100156,Mumbai,Bangalore,Bluedart,Road,750.6,169.84,6.34,8899.57,Yes,0.7818502862646478,0.783516636502854,0.5950834288625653,0.8982651423987165
SHIP100027,Pune,Delhi,Bluedart,Rail,395.6,50.94,4.93,4687.83,Yes,0.4019476697522608,0.23175089331291474,0.45140746401732257,0.45716164529612424
SHIP100266,Mumbai,Hyderabad,Bluedart,Rail,159.3,48.6,2.77,2267.22,Yes,0.14907164642302964,0.2208919207387814,0.23130811361609985,0.2036465811844967
SHIP100064,Mumbai,Bangalore,Bluedart,Air,714.8,216.49,8.29,9870.953749999999,Yes,0.7435389801487507,1.0,0.7937842313081135,1.0
SHIP100255,Pune,Bangalore,Delhivery,Air,399.4,150.37,6.32,5411.02,Yes,0.4060142329712666,0.6931644159821801,0.5930454719144058,0.5329027019780713
SHIP100318,Chennai,Mumbai,Delhivery,Road,462.2,132.89,6.21,6567.39,Yes,0.4732195409064156,0.6120469627360897,0.5818367086995286,0.6540115194607564
SHIP100153,Chennai,Pune,Bluedart,Air,296.9,63.12,10.31375,3743.72,No,0.29632404087966185,0.28827323773724994,1.0,0.35828321912320554
SHIP100048,Bangalore,Delhi,Dtdc,Road,183.8,64.2,3.34,2247.08,Yes,0.17529027770346198,0.29328507123300385,0.28938988663864473,0.20153728088779127
SHIP100208,Kolkata,Mumbai,Xpressbees,Road,265.6,124.82,5.395,3853.78,Yes,0.2628284017336402,0.5745974291150401,0.4987899630620302,0.3698100111120537
SHIP100287,Delhi,Pune,Xpressbees,Road,820.3,57.69,8.17,7549.91,Yes,0.8564396168869389,0.26307485266137637,0.7815564896191567,0.7569126975898051
SHIP100001,Pune,Mumbai,Ekart,Air,597.2,113.59,6.14,7117.3,Yes,0.6176895500026756,0.5224836419323402,0.5747038593809705,0.7116046339672755
SHIP100269,Delhi,Mumbai,Dtdc,Air,304.2,67.36,2.75,4003.8,Yes,0.30413612285301517,0.30794932479465403,0.22927015666794037,0.3855218894890026
SHIP100265,Pune,Hyderabad,Delhivery,Air,443.6,155.6,4.77,6544.43,Yes,0.4533147840975976,0.7174346837440252,0.4351038084320468,0.6516068752297557
SHIP100327,Chennai,Chennai,Delhivery,Road,526.2,127.14,7.19,5767.31,Yes,0.5417090267001982,0.5853635899577706,0.6816965991593428,0.570217627634138
SHIP100334,Kolkata,Delhi,Xpressbees,Road,258.8,56.37,4.41,2646.37,Yes,0.2555513938680508,0.25694927838878834,0.3984205833651764,0.2433556778824049
SHIP100095,Kolkata,Hyderabad,Delhivery,Rail,313.8,157.89,4.52,4487.14,Yes,0.3144095457220826,0.7280616269896514,0.4096293465800534,0.4361430019721015
SHIP100464,Kolkata,Mumbai,Ekart,Road,316.4,70.405,4.27,4042.61,Yes,0.31719193108245497,0.32207991090073784,0.38415488472806003,0.3895865342017702
SHIP100492,Chennai,Bangalore,Dtdc,Road,322.5,53.37,5.52,3406.03,Yes,0.3237198351971749,0.24302751867836092,0.5115271939880269,0.3229163066507893
SHIP100439,Chennai,Bangalore,Xpressbees,Air,630.2,197.36,7.1,9030.02,Yes,0.6530044411150946,0.9112255789131747,0.672525792892625,0.9119274176571687
SHIP100116,Kolkata,Kolkata,Dtdc,Road,820.1,25.6,8.09,7640.45,Yes,0.8562255872438335,0.11415842962550467,0.7734046618265189,0.766395123054736
SHIP100045,Delhi,Mumbai,Dtdc,Rail,20.0,23.02,2.82,468.56,Yes,0.0,0.1021857162745371,0.2364030059864985,0.015269517049828239
SHIP100161,Chennai,Bangalore,Delhivery,Rail,340.2,43.87,4.42,2946.92,Yes,0.3426614586120178,0.1989419462620075,0.3994395618392561,0.2748328479010158
SHIP100386,Delhi,Bangalore,Dtdc,Air,269.9,54.86,2.08,5136.31,Yes,0.2674300390604099,0.2499419926678732,0.16099859890459814,0.5041318040382523
SHIP100117,Bangalore,Mumbai,Dtdc,Air,251.4,7.0,2.05,1976.92,Yes,0.24763229707314469,0.027843519420854796,0.1579416634823589,0.17324291305472553
SHIP100288,Mumbai,Bangalore,Bluedart,Road,453.7,143.39,5.69,6497.95,Yes,0.4641232810744289,0.6607731217225856,0.5288498280473825,0.6467389369084612
SHIP100077,Hyderabad,Pune,Xpressbees,Road,731.1,128.16,8.71,8478.71,Yes,0.7609823960618547,0.5900969882593159,0.8365813272194625,0.8541876785024177
SHIP100413,Mumbai,Chennai,Dtdc,Road,560.8,66.38,5.39,5436.82,Yes,0.5787361549574617,0.3034015499559144,0.49828047382499036,0.5356047847811994
SHIP100063,Kolkata,Bangalore,Bluedart,Road,159.6,61.06,1.96,2345.85,Yes,0.14939269088768797,0.2787136294027565,0.14877085721564132,0.21188164982054186
SHIP100394,Kolkata,Hyderabad,Bluedart,Air,523.8,15.38,5.91,4513.02,Yes,0.5391406709829312,0.06673163487864867,0.5512673544771366,0.4388534633265573
SHIP100390,Hyderabad,Mumbai,Bluedart,Road,513.1,54.61,5.09,4393.52,Yes,0.5276900850767833,0.2487818460253376,0.46771111960259837,0.42633800228106067
SHIP100230,Pune,Delhi,Bluedart,Rail,445.0,95.7,4.5,4782.09,Yes,0.4548129915993366,0.4394635481924915,0.407591389631894,0.4670336733977854
SHIP100297,Bangalore,Kolkata,Dtdc,Road,742.4,100.63,6.24,7547.2,Yes,0.7730750708973194,0.46234163998329386,0.5848936441217679,0.7566288741635849
SHIP100186,Delhi,Bangalore,Delhivery,Air,821.1,70.405,7.75,6776.26,Yes,0.8572957354593613,0.32207991090073784,0.7387593937078079,0.675886869658019
SHIP100455,Kolkata,Mumbai,Dtdc,Air,298.2,22.33,4.35,2995.7,Yes,0.2977152335598481,0.09898371154113879,0.39230671252069793,0.2799416695729766
SHIP100199,Bangalore,Pune,Delhivery,Road,716.0,23.71,7.0,6061.41,Yes,0.7448231580073842,0.1053877210079354,0.6623360081518278,0.6010192769519669
SHIP100344,Mumbai,Pune,Bluedart,Road,510.9,51.22,5.81,5590.12,Yes,0.525335759002622,0.23305025755255462,0.5410775697363392,0.551660183762577
SHIP100121,Kolkata,Bangalore,Xpressbees,Road,596.8,53.41,6.82,6450.1,Yes,0.6172614907164643,0.24321314214116663,0.6439943956183926,0.641727515895683
SHIP100470,Bangalore,Kolkata,Delhivery,Road,196.9,216.49,2.12,6288.41,Yes,0.1893092193268768,1.0,0.1650745128009171,0.6247934163438307
SHIP100435,Mumbai,Mumbai,Ekart,Road,492.9,54.43,3.77,5007.31,Yes,0.5060730911231206,0.24794654044271194,0.33320596102407335,0.4906213900226116
SHIP100307,Delhi,Hyderabad,Dtdc,Road,314.7,3.85,4.47,2543.28,Yes,0.3153726791160576,0.013225671724906027,0.4045344542096548,0.23255886717796775
SHIP100463,Chennai,Bangalore,Delhivery,Road,485.0,35.93,5.6,5298.09,Yes,0.4976189202204506,0.16209568889507633,0.5196790217806648,0.5210753294603481
SHIP100158,Kolkata,Mumbai,Dtdc,Road,234.7,68.17,2.6,3221.58,Yes,0.22976082187382957,0.3117081999164694,0.21398547955674435,0.30359850924625503
SHIP100085,Chennai,Bangalore,Delhivery,Road,483.2,87.06,5.71,5136.31,Yes,0.49569265343250046,0.3993688802264606,0.5308877849955419,0.5041318040382523
SHIP100225,Kolkata,Pune,Ekart,Road,163.0,82.38,2.4,2823.26,Yes,0.15303119482048266,0.37765093507819386,0.19360591007514963,0.2618817021864877
SHIP100262,Bangalore,Kolkata,Bluedart,Air,502.8,107.72,4.34,5553.63,Yes,0.5166675584568464,0.49524339876560397,0.3912877340466182,0.5478385170383078
SHIP100331,Bangalore,Mumbai,Xpressbees,Road,704.2,24.52,8.91,5339.16,No,0.7321954090641556,0.10914659612975079,0.8569608967010571,0.5253766682481182
SHIP100403,Delhi,Mumbai,Dtdc,Rail,602.5,66.12,6.87,5006.27,Yes,0.6233613355449731,0.3021949974476774,0.6490892879887912,0.4905124688553538
SHIP100076,Hyderabad,Mumbai,Dtdc,Road,684.3,41.32,8.32,6939.55,Yes,0.7108994595751512,0.18710845050814423,0.7968411667303528,0.6929885402364218
SHIP100438,Pune,Mumbai,Xpressbees,Air,484.1,85.25,6.11,4990.11,Yes,0.4966557868264756,0.39096941853450273,0.5716469239587314,0.4888200014871928
SHIP100376,Pune,Bangalore,Dtdc,Road,366.4,87.59,4.55,5136.31,Yes,0.3706993418588475,0.4018283911086361,0.4126862820022927,0.5041318040382523
SHIP100087,Mumbai,Delhi,Ekart,Road,275.1,134.76,5.36,4711.05,No,0.27299480978115476,0.6207248596222562,0.49522353840275124,0.4595935198189395
SHIP100182,Mumbai,Bangalore,Bluedart,Road,348.4,216.49,3.82,7657.61,Yes,0.3514366739793462,1.0,0.338300853394472,0.768192322314491
SHIP100105,Delhi,Hyderabad,Bluedart,Road,617.0,216.49,7.27,7550.25,Yes,0.638878484670127,1.0,0.6898484269519806,0.7569483064329471
SHIP100401,Mumbai,Mumbai,Bluedart,Road,428.3,70.405,5.85,6157.0,Yes,0.4369415164000215,0.32207991090073784,0.5451534836326581,0.6110305984694482
SHIP100049,Chennai,Delhi,Ekart,Road,483.0,197.88,5.67,6431.33,Yes,0.49547862378939495,0.9136386839296486,0.526811871099223,0.6397616982904614
SHIP100417,Kolkata,Delhi,Bluedart,Road,595.5,51.75,7.5,6357.94,Yes,0.6158702980362781,0.23550976843473015,0.7132849318558145,0.6320754247663692
SHIP100005,Kolkata,Pune,Ekart,Road,213.9,82.16,3.8,3371.62,Yes,0.20750173899085028,0.37663000603276253,0.3362628964463125,0.3193124822610358
SHIP100017,Chennai,Delhi,Dtdc,Road,424.1,64.37,5.48,4829.93,Yes,0.43244689389480456,0.2940739709499281,0.507451280091708,0.4720440470916478
SHIP100234,Delhi,Bangalore,Delhivery,Rail,341.6,8.39,5.64,2522.64,Yes,0.34415966611375687,0.03429393475335282,0.5237549356769837,0.23039720093546523
SHIP100405,Bangalore,Chennai,Xpressbees,Road,433.7,20.42,5.27,3619.59,Yes,0.44272031676387186,0.09012019119216669,0.48605273213603356,0.3452828494196282
SHIP100399,Chennai,Bangalore,Delhivery,Rail,274.6,174.59,5.06,4455.86,Yes,0.2724597356733908,0.8055594227110306,0.46465418418035914,0.43286698840303756
SHIP100106,Pune,Kolkata,Dtdc,Road,460.3,41.02,5.12,4471.01,Yes,0.4711862592969127,0.1857162745371015,0.4707680550248376,0.43445367656068856
SHIP100134,Mumbai,Kolkata,Bluedart,Road,521.9,86.38,10.31375,5606.56,No,0.5371073893734283,0.3962132813587637,1.0,0.5533819760603842
SHIP100406,Pune,Hyderabad,Bluedart,Air,509.8,75.9,5.86,5162.73,Yes,0.5241585959655414,0.3475799341036707,0.546172462106738,0.5068988206141688
SHIP100226,Pune,Chennai,Dtdc,Road,542.4,142.53,5.08,7402.51,Yes,0.5590454277917493,0.6567822172722632,0.46669214112851864,0.7414752167688328
SHIP100214,Hyderabad,Bangalore,Dtdc,Air,383.0,16.42,6.15,2911.39,Yes,0.38846380223660987,0.07155784491159684,0.5757228378550503,0.2711117237926769
SHIP100190,Pune,Mumbai,Dtdc,Road,590.1,92.71,7.9,5908.49,Yes,0.6100914976724278,0.4255881943477655,0.7540440708190039,0.585003676089395
SHIP100445,Mumbai,Bangalore,Delhivery,Rail,697.3,66.59,6.29,5892.12,Yes,0.7248113863770133,0.30437607313564435,0.5899885364921665,0.5832892150239993
SHIP100320,Bangalore,Kolkata,Delhivery,Road,537.3,113.61,4.33,6187.18,Yes,0.5535876718925572,0.5225764536637431,0.39026875557253854,0.6141914069577586
SHIP100282,Bangalore,Mumbai,Delhivery,Air,528.6,60.82,5.35,5580.31,Yes,0.5442773824174649,0.27759988862592233,0.49420455992867146,0.5506327639060388
SHIP100029,Pune,Kolkata,Bluedart,Road,480.7,30.51,4.15,4416.25,Yes,0.49301728289368085,0.13694370968490419,0.3719271430391033,0.4287185581769948
SHIP100169,Mumbai,Kolkata,Xpressbees,Road,371.3,23.72,5.34,2958.38,Yes,0.375943068114934,0.10543412687363682,0.49318558145459174,0.2760330753786843
SHIP100180,Bangalore,Mumbai,Bluedart,Road,350.7,13.53,5.79,3569.99,Yes,0.35389801487506023,0.058146549723885096,0.5390396127881798,0.34008814759656014
SHIP100100,Mumbai,Delhi,Bluedart,Road,689.1,101.39,7.53,7763.88,Yes,0.716036171009685,0.46586848577660217,0.7163418672780537,0.7793221804341975
SHIP100197,Pune,Delhi,Xpressbees,Road,622.0,41.46,6.31,6130.94,Yes,0.6442292257477662,0.18775813262796417,0.592026493440326,0.6083012853745055
SHIP100209,Pune,Pune,Ekart,Rail,783.7,7.11,5.395,5848.02,No,0.8172721921986197,0.028353983943570468,0.4987899630620302,0.578670538604699
SHIP100135,Kolkata,Chennai,Xpressbees,Road,332.8,28.89,3.97,2865.68,Yes,0.33474236181711176,0.12942595944127339,0.35358553050566804,0.26632442902791
SHIP100475,Chennai,Chennai,Dtdc,Rail,187.6,30.82,4.4,2014.35,Yes,0.1793568409224678,0.13838229152164833,0.39740160489109666,0.1771630277570932
SHIP100433,Pune,Mumbai,Delhivery,Air,659.1,74.17,7.15,7559.84,Yes,0.6839317245438494,0.33955171933732425,0.6776206852630238,0.7579526852733346
SHIP100198,Mumbai,Mumbai,Bluedart,Air,465.9,98.42,4.01,5981.19,Yes,0.47717908930386865,0.45208594366327903,0.35766144440198694,0.5926176846082869
SHIP100373,Pune,Mumbai,Ekart,Rail,508.4,31.47,7.1,4561.71,Yes,0.5226603884638024,0.14139867279224091,0.672525792892625,0.44395285912827454
SHIP100166,Kolkata,Delhi,Ekart,Road,428.2,156.78,4.17,5882.13,Yes,0.4368345015784687,0.7229105758967933,0.37396509998726274,0.5822429434269741
SHIP100388,Delhi,Mumbai,Xpressbees,Road,542.5,216.49,5.55,8883.95,Yes,0.5591524426133021,1.0,0.5145841294102662,0.8966292302520166
SHIP100136,Hyderabad,Mumbai,Ekart,Road,354.8,144.19,4.37,5779.01,Yes,0.3582856225587245,0.6644855909786996,0.39434466946885743,0.5714429907657892
SHIP100285,Chennai,Pune,Xpressbees,Road,268.2,60.39,4.4,2894.59,Yes,0.26561078709401253,0.27560443640076104,0.39740160489109666,0.2693522280138958
SHIP100335,Pune,Bangalore,Ekart,Air,527.1,78.46,7.35,4705.14,Yes,0.5426721600941732,0.35945983572323537,0.6980002547446185,0.4589745543396183
SHIP100131,Bangalore,Delhi,Ekart,Air,661.2,4.67,5.55,5642.01,Yes,0.686179035796458,0.01703095271242285,0.5145841294102662,0.5570947216173956
SHIP100039,Pune,Mumbai,Delhivery,Air,409.5,52.36,5.7,4383.2,Yes,0.4168227299480979,0.23834052624251703,0.5298688065214622,0.4252571691598093
SHIP100215,Mumbai,Kolkata,Dtdc,Road,646.0,108.49,7.19,6622.74,Yes,0.6699127829204347,0.49881665042461365,0.6816965991593428,0.6598084296604907
SHIP100043,Hyderabad,Kolkata,Dtdc,Road,586.6,52.66,8.33,5431.17,No,0.6063459789180803,0.23973270221355977,0.7978601452044325,0.5350130495936927
SHIP100054,Chennai,Bangalore,Xpressbees,Air,665.4,83.9,7.2,5861.16,Yes,0.6906736583016749,0.3847046266648104,0.6827155776334225,0.5800467156602456
SHIP100299,Hyderabad,Hyderabad,Bluedart,Road,404.6,97.95,4.17,4662.66,Yes,0.41157900369201145,0.4499048679753121,0.37396509998726274,0.4545255435847004
SHIP100460,Bangalore,Hyderabad,Xpressbees,Road,457.8,67.04,5.85,5204.98,Yes,0.4685108887580931,0.3064643370922085,0.5451534836326581,0.5113237430340201
SHIP100035,Delhi,Mumbai,Bluedart,Road,182.7,119.38,3.75,3562.56,Yes,0.17411311466638132,0.5493526381734651,0.3311680040759139,0.3393099896420159
SHIP100315,Kolkata,Mumbai,Delhivery,Road,644.4,192.84,8.33,5136.31,Yes,0.6682005457755901,0.8902501276161306,0.7978601452044325,0.5041318040382523
SHIP100309,Mumbai,Kolkata,Ekart,Road,656.7,68.73,5.395,7235.52,Yes,0.6813633688265827,0.31430692839574925,0.4987899630620302,0.7239860381915317
SHIP100276,Mumbai,Pune,Ekart,Road,481.8,49.89,5.27,5284.87,Yes,0.4941944459307615,0.22687827741426517,0.48605273213603356,0.5196907738534737
SHIP100124,Mumbai,Mumbai,Bluedart,Road,419.9,110.81,6.37,5321.65,Yes,0.4279522713895875,0.5095828112673442,0.5981403642848044,0.5235428128263053
SHIP100142,Hyderabad,Mumbai,Ekart,Road,493.3,66.18,4.81,5632.24,Yes,0.5065011504093319,0.302473432641886,0.4391797223283657,0.5560714910365211
SHIP100110,Mumbai,Delhi,Xpressbees,Road,546.9,34.72,5.22,4582.32,Yes,0.5638610947616246,0.15648057914520394,0.4809578397656349,0.4461113834140293
SHIP100323,Kolkata,Bangalore,Delhivery,Rail,635.4,70.405,5.79,6823.8,Yes,0.6585692118358394,0.32207991090073784,0.5390396127881798,0.6808658237844031
SHIP100332,Kolkata,Delhi,Bluedart,Air,435.7,163.37,5.395,5402.64,Yes,0.4448606131949276,0.7534920413940321,0.4987899630620302,0.5320250487265126
SHIP100393,Kolkata,Delhi,Delhivery,Air,649.7,216.49,6.76,8526.06,Yes,0.6738723313178877,1.0,0.6378805247739141,0.8591467335693991
SHIP100441,Mumbai,Delhi,Delhivery,Air,572.0,110.88,5.39,5920.0,Yes,0.5907218149713737,0.5099076523272541,0.49828047382499036,0.5862091401616433
SHIP100107,Chennai,Chennai,Dtdc,Road,498.3,32.5,4.16,4165.86,Yes,0.5118518914869711,0.14617847695948769,0.372946121513183,0.40249473984074463
SHIP100465,Kolkata,Pune,Dtdc,Road,212.4,87.38,3.57,2675.46,Yes,0.2058965166675585,0.40085386792890615,0.31282639154247865,0.24640232860887767
SHIP100012,Chennai,Bangalore,Delhivery,Air,437.3,125.33,5.65,4652.13,Yes,0.4465728503397722,0.5769641282658128,0.5247739141510636,0.4534227167662143
SHIP100272,Chennai,Mumbai,Xpressbees,Air,267.2,198.19,3.99,5639.69,Yes,0.2645406388784847,0.9150772657663928,0.35562348745382755,0.5568517436288971
SHIP100047,Pune,Mumbai,Dtdc,Road,520.5,136.34,5.17,7344.28,Yes,0.5356091818716894,0.6280569864030814,0.4758629473952362,0.7353766787213074
SHIP100203,Bangalore,Bangalore,Delhivery,Road,114.0,69.6,1.41,2003.2,Yes,0.10059393225961798,0.31834423871177314,0.09272704114125588,0.17599526716581884
SHIP100430,Pune,Chennai,Dtdc,Road,431.2,66.52,5.71,4355.21,Yes,0.44004494622505225,0.30405123207573437,0.5308877849955419,0.4223257235140901
SHIP100119,Hyderabad,Hyderabad,Ekart,Rail,400.2,60.6,5.25,3899.99,Yes,0.4068703515436889,0.27657895958049095,0.4840147751878741,0.37464967182261766
SHIP100021,Mumbai,Delhi,Delhivery,Road,669.4,43.48,6.59,5552.5,Yes,0.6949542511637863,0.19713211749965193,0.6205578907145586,0.5477201700008065
SHIP100402,Bangalore,Delhi,Dtdc,Air,400.2,54.48,3.21,4819.1,Yes,0.4068703515436889,0.24817856977121905,0.27614316647560816,0.47090980070568356
SHIP100083,Mumbai,Bangalore,Bluedart,Rail,474.6,83.85,6.71,5294.57,Yes,0.486489378778961,0.3844725973363033,0.6327856324035155,0.5207066732019368
SHIP100130,Pune,Pune,Xpressbees,Rail,569.3,61.82,5.69,5778.33,Yes,0.5878324147894484,0.28224047519606477,0.5288498280473825,0.5713717730795052
SHIP100449,Pune,Pune,Xpressbees,Road,686.7,48.92,6.0,5970.45,Yes,0.7134678152924182,0.22237690844122696,0.5604381607438542,0.5914928640925662
SHIP100329,Hyderabad,Delhi,Dtdc,Road,257.8,55.62,3.51,2559.51,Yes,0.25448124565252295,0.25346883846118146,0.3067125206980002,0.23425866577854024
SHIP100229,Hyderabad,Bangalore,Dtdc,Road,20.0,71.26,1.22,1362.28,Yes,0.0,0.3260476124182097,0.07336645013374092,0.1088705032053195
SHIP100498,Hyderabad,Mumbai,Ekart,Air,165.4,116.52,1.98,3643.54,Yes,0.15559955053774951,0.5360805605828576,0.1508088141638008,0.34779117822330724
SHIP100286,Mumbai,Bangalore,Delhivery,Air,561.4,59.41,6.6,5437.44,Yes,0.5793782438867784,0.2710566615620214,0.6215768691886383,0.5356697185539876
SHIP100123,Bangalore,Hyderabad,Delhivery,Road,345.0,70.405,5.65,3890.55,Yes,0.3477981700465515,0.32207991090073784,0.5247739141510636,0.37366100276596925
SHIP100033,Pune,Pune,Xpressbees,Air,664.3,216.49,5.76,8645.54,Yes,0.6894964952645942,1.0,0.5359826773659406,0.871660099977064
SHIP100477,Hyderabad,Chennai,Delhivery,Rail,314.6,62.77,4.99,3727.44,Yes,0.31526566429450487,0.2866490324377001,0.457521334861801,0.3565781839280534
SHIP100004,Bangalore,Hyderabad,Ekart,Road,451.9,216.49,6.27,7944.72,Yes,0.46219701428647875,1.0,0.5879505795440071,0.798261895710077
SHIP100411,Hyderabad,Chennai,Bluedart,Air,403.3,59.75,6.09,3571.96,Yes,0.4101878110118252,0.27263446099586985,0.5696089670105718,0.34029446942300057
SHIP100019,Mumbai,Hyderabad,Xpressbees,Road,558.0,106.89,6.52,6091.6,Yes,0.5757397399539838,0.49139171191238573,0.6134250413960004,0.6041811327591932
SHIP100219,Chennai,Pune,Dtdc,Road,248.5,63.23,4.02,3256.16,Yes,0.2445288672481139,0.28878370225996564,0.35868042287606666,0.3072201380575795
SHIP100379,Pune,Pune,Dtdc,Road,403.4,186.95,4.98,6896.95,Yes,0.41029482583337795,0.8629170727179915,0.4565023563877213,0.6885269616545125
SHIP100067,Chennai,Pune,Bluedart,Rail,637.2,40.64,7.67,6340.53,Yes,0.6604954786237895,0.18395285164044733,0.73060756591517,0.6302520425337158
SHIP100419,Bangalore,Delhi,Bluedart,Road,780.9,77.68,5.395,7707.96,Yes,0.8142757771951417,0.3558401781985243,0.4987899630620302,0.7734655730562546
SHIP100356,Kolkata,Chennai,Bluedart,Road,270.1,70.405,2.03,4175.48,Yes,0.26764406870351554,0.32207991090073784,0.15590370653419944,0.40350226063788003
SHIP100149,Hyderabad,Mumbai,Dtdc,Air,571.2,101.5,7.95,6724.19,No,0.5898656963989514,0.4663789502993178,0.7591389631894025,0.6704334800627134
SHIP100224,Bangalore,Mumbai,Ekart,Air,366.1,85.83,4.18,4348.37,Yes,0.3703782973941892,0.39366095874518536,0.37498407846134246,0.42160935737558636
SHIP100247,Chennai,Pune,Bluedart,Rail,305.4,39.3,5.395,2709.66,No,0.3054203007116486,0.17773446563645642,0.4987899630620302,0.24998415930139636
SHIP100446,Pune,Pune,Dtdc,Road,425.3,120.86,4.54,5888.14,Yes,0.43373107175343795,0.5562207062972759,0.41166730352821296,0.5828723820954548
SHIP100151,Bangalore,Mumbai,Delhivery,Air,229.6,58.45,2.94,3097.79,Yes,0.22430306597463753,0.2666016984546847,0.24863074767545534,0.2906337483858197
SHIP100484,Chennai,Pune,Xpressbees,Road,488.4,94.59,6.62,4544.75,Yes,0.5012574241532453,0.4343124970996334,0.6236148261367979,0.44217660624683847
SHIP100317,Chennai,Chennai,Xpressbees,Rail,680.6,70.405,9.31,5136.31,No,0.7069399111776983,0.32207991090073784,0.8977200356642466,0.5041318040382523
SHIP100291,Pune,Bangalore,Dtdc,Air,697.5,151.96,6.37,9006.62,Yes,0.7250254160201189,0.7005429486287067,0.5981403642848044,0.9094766913938664
SHIP100233,Mumbai,Hyderabad,Dtdc,Road,367.7,68.18,5.06,3637.47,Yes,0.37209053453903373,0.3117546057821709,0.46465418418035914,0.34715545564133093
SHIP100010,Pune,Pune,Bluedart,Road,460.2,204.12,5.63,5780.81,Yes,0.4710792444753599,0.9425959441273377,0.522735957202904,0.5716315081706586
SHIP100279,Bangalore,Kolkata,Bluedart,Air,465.5,200.32,5.59,7188.0,Yes,0.47675103001765756,0.9249617151607963,0.5186600433065851,0.7190091787029794
SHIP100071,Delhi,Kolkata,Bluedart,Rail,362.2,91.55,3.49,4856.25,Yes,0.3662047193536305,0.42020511392640025,0.3046745637498408,0.47480059047840484
SHIP100252,Bangalore,Kolkata,Ekart,Road,20.0,157.76,1.85,2578.28,Yes,0.0,0.7274583507355329,0.13756209400076425,0.23622448338376173
SHIP100092,Delhi,Pune,Bluedart,Road,663.4,65.24,7.98,5136.31,Yes,0.6885333618706192,0.298111281265952,0.7621958986116418,0.5041318040382523
SHIP100483,Hyderabad,Pune,Delhivery,Air,570.8,57.31,10.31375,4994.89,No,0.5894376371127402,0.26131142976472227,1.0,0.4893206199290127
SHIP100349,Mumbai,Bangalore,Delhivery,Road,655.2,77.32,8.0,6215.94,Yes,0.6797581465032909,0.35416956703327296,0.7642338555598013,0.6172034961600051
SHIP100415,Delhi,Delhi,Ekart,Road,645.5,29.11,5.79,5993.1,Yes,0.6693777088126707,0.13044688848670472,0.5390396127881798,0.593865041437173
SHIP100374,Bangalore,Mumbai,Xpressbees,Road,237.8,58.16,3.81,3181.24,Yes,0.23307828134196593,0.2652559283493433,0.3372818749203923,0.2993736247393485
SHIP100400,Delhi,Pune,Delhivery,Air,649.3,36.25,6.81,6137.33,Yes,0.6734442720316764,0.16358067659752193,0.6429754171443127,0.608970522161792
SHIP100192,Chennai,Delhi,Ekart,Rail,302.7,122.14,4.88,3821.84,Yes,0.3025309005297234,0.5621606571070583,0.4463125716469239,0.36646487449453774
SHIP100257,Pune,Delhi,Dtdc,Road,542.9,216.49,5.46,6952.26,Yes,0.5595805018995131,1.0,0.5054133231435486,0.6943196825785831
SHIP100488,Pune,Pune,Bluedart,Road,643.7,13.26,6.52,4559.41,Yes,0.6674514420247206,0.05689359134994663,0.6134250413960004,0.4437119757776081
SHIP100339,Kolkata,Chennai,Delhivery,Road,916.1,72.85,10.31375,7460.24,No,0.9589598159345072,0.33342614506473617,1.0,0.7475213888705609
SHIP100495,Mumbai,Kolkata,Bluedart,Air,164.9,84.67,0.5,2839.9,Yes,0.15506447642998558,0.3882778783238201,0.0,0.2636244408626137
SHIP100195,Chennai,Bangalore,Xpressbees,Air,368.4,128.87,5.3,5751.73,Yes,0.3728396382899032,0.5933918047241171,0.4891096675582728,0.5685859047631017
SHIP100343,Pune,Pune,Bluedart,Road,386.4,194.39,5.02,6226.42,Yes,0.3921023061694045,0.8974430367998514,0.4605782702840402,0.6183010863839116
SHIP100137,Delhi,Delhi,Dtdc,Road,555.5,159.77,5.46,6023.29,Yes,0.5730643694151641,0.7367859297415194,0.5054133231435486,0.5970268972443992
SHIP100260,Mumbai,Mumbai,Dtdc,Road,593.0,137.84,6.87,6403.46,Yes,0.6131949274974585,0.635017866258295,0.6490892879887912,0.6368428204717334
SHIP100038,Mumbai,Kolkata,Bluedart,Rail,204.0,41.04,5.08,2562.98,No,0.19690727165712454,0.18580908626850431,0.46669214112851864,0.23462208544237179
SHIP100201,Mumbai,Bangalore,Ekart,Road,415.1,58.71,6.53,5136.31,No,0.4228155599550539,0.2678082509629217,0.6144440198700802,0.5041318040382523
SHIP100472,Kolkata,Bangalore,Dtdc,Air,179.2,134.24,3.74,3922.23,Yes,0.17036759591203385,0.6183117546057821,0.3301490256018342,0.37697890909167076
SHIP100290,Delhi,Kolkata,Delhivery,Road,417.1,8.81,5.09,3503.11,Yes,0.4249558563861096,0.03624298111281266,0.46771111960259837,0.3330836786867459
SHIP100448,Mumbai,Bangalore,Dtdc,Air,740.2,52.98,6.8,7472.69,Yes,0.7707207448231582,0.24121768991600537,0.641956438670233,0.7488253009209075
SHIP100189,Bangalore,Mumbai,Bluedart,Rail,556.7,27.29,7.48,4742.39,Yes,0.5743485472737976,0.12200102092904543,0.7112469749076551,0.462875817301499
SHIP100251,Pune,Mumbai,Xpressbees,Road,315.5,216.49,4.08,5652.42,Yes,0.3162287976884799,1.0,0.3647942937205451,0.5581849806088903
SHIP100112,Delhi,Kolkata,Dtdc,Road,384.3,5.46,5.75,3061.61,Yes,0.38985499491679604,0.0206970161028354,0.5349636988918609,0.28684454854794467
SHIP100437,Delhi,Mumbai,Ekart,Road,540.2,76.99,4.22,4686.9,Yes,0.5566911017175881,0.35263817346512594,0.3790599923576614,0.4570642446369417
SHIP100183,Mumbai,Kolkata,Delhivery,Air,483.2,75.64,4.94,5441.5,Yes,0.49569265343250046,0.3463733815954336,0.4524264424914024,0.5360949300338599
SHIP100152,Bangalore,Hyderabad,Ekart,Road,412.4,55.45,4.72,4936.29,Yes,0.41992615977312864,0.25267993874425726,0.43000891606164815,0.4831833310815976
SHIP100312,Hyderabad,Mumbai,Xpressbees,Air,615.5,73.93,8.67,5867.16,No,0.6372732623468351,0.33843797856049007,0.8325054133231435,0.5806751070098103
SHIP100325,Kolkata,Kolkata,Xpressbees,Road,377.3,184.1,5.15,5500.0,Yes,0.3823639574081011,0.8496914009930855,0.4738249904470768,0.5422217456921156
SHIP100191,Bangalore,Bangalore,Delhivery,Road,350.8,216.49,3.94,7699.42,Yes,0.35400502969661307,1.0,0.3505285950834288,0.7725711627020411
SHIP100044,Kolkata,Hyderabad,Delhivery,Air,346.2,34.61,4.76,3708.55,Yes,0.34908234790518494,0.15597011462248828,0.4340848299579671,0.3545997984958406
SHIP100444,Chennai,Pune,Dtdc,Road,542.0,123.83,5.35,7289.22,Yes,0.5586173685055381,0.570003248410599,0.49420455992867146,0.7296101407701355
SHIP100275,Mumbai,Pune,Bluedart,Air,574.8,48.67,5.01,5118.16,Yes,0.5937182299748516,0.22121676179869135,0.45955929180996047,0.5022309202058192
SHIP100006,Pune,Pune,Ekart,Road,258.3,63.12,3.88,3526.81,Yes,0.2550163197602869,0.28827323773724994,0.3444147242389504,0.33556582451752637
SHIP100250,Chennai,Delhi,Delhivery,Road,954.4499999999998,128.09,10.31375,9870.953749999999,Yes,1.0,0.589772147199406,1.0,1.0
SHIP100311,Mumbai,Hyderabad,Ekart,Air,191.1,53.65,3.0,5136.31,Yes,0.18310235967681526,0.2443268829180008,0.25474461851993374,0.5041318040382523
SHIP100075,Kolkata,Bangalore,Dtdc,Air,503.9,210.54,5.76,7668.65,Yes,0.517844721493927,0.9723885099076522,0.5359826773659406,0.7693485623976901
SHIP100000,Bangalore,Hyderabad,Bluedart,Road,445.5,83.56,5.35,4666.9,Yes,0.4553480657071005,0.383126827230962,0.49420455992867146,0.4549696068050594
SHIP100428,Pune,Chennai,Delhivery,Rail,621.1,101.22,3.91,6036.85,Yes,0.6432660923537912,0.4650795860596779,0.34747165966118965,0.5984470616944155
SHIP100391,Delhi,Pune,Dtdc,Road,538.1,100.68,5.08,6930.64,Yes,0.5544437904649795,0.46257366931180105,0.46669214112851864,0.6920553790823183
SHIP100383,Kolkata,Chennai,Bluedart,Road,207.7,133.28,3.23,3601.48,Yes,0.2008668200545776,0.6138567914984454,0.27818112342376766,0.34338615486285884
SHIP100432,Kolkata,Bangalore,Delhivery,Air,462.6,28.74,6.82,3683.14,Yes,0.4736476001926268,0.128729871455752,0.6439943956183926,0.35193856113043415
SHIP100068,Bangalore,Bangalore,Ekart,Road,341.0,40.02,5.25,3791.15,Yes,0.3435175771844401,0.18107568796695903,0.4840147751878741,0.36325065274151436
SHIP100486,Mumbai,Kolkata,Bluedart,Road,392.6,47.45,5.84,3781.25,Yes,0.3987372251056772,0.21555524618311755,0.5441345051585785,0.3622138070147326
SHIP100167,Pune,Delhi,Bluedart,Air,525.5,46.15,5.79,5295.83,Yes,0.5409599229493286,0.20952248364193232,0.5390396127881798,0.5208386353853454
SHIP100392,Mumbai,Mumbai,Ekart,Road,564.2,116.29,6.94,5729.08,Yes,0.5823746588902564,0.5350132256717249,0.6562221373073494,0.5662137274184951
SHIP100218,Mumbai,Delhi,Dtdc,Road,362.0,80.13,4.47,4670.51,Yes,0.36599068971052495,0.3672096152953733,0.4045344542096548,0.4553476889337142
SHIP100042,Kolkata,Chennai,Delhivery,Road,547.5,50.49,6.58,4579.07,Yes,0.5645031836909413,0.22966262935635065,0.6195389122404789,0.4457710047663484
SHIP100366,Chennai,Kolkata,Dtdc,Air,669.1,29.28,8.05,5679.21,Yes,0.694633206699128,0.13123578820362894,0.7693287479302,0.5609907479846965
SHIP100345,Chennai,Chennai,Dtdc,Rail,396.8,141.05,6.15,5783.54,Yes,0.4032318476108942,0.6499141491484524,0.5757228378550503,0.5719174262347104
SHIP100072,Mumbai,Pune,Bluedart,Road,838.3,70.405,9.73,7895.33,Yes,0.8757022847664403,0.32207991090073784,0.9405171315755955,0.7930891875842438
SHIP100023,Bangalore,Delhi,Bluedart,Rail,718.3,85.86,9.05,8038.72,No,0.7472844989030982,0.39380017634228964,0.8712265953381735,0.8081066935199237
SHIP100398,Hyderabad,Bangalore,Dtdc,Air,426.1,148.42,4.84,6029.59,Yes,0.43458719032586024,0.6841152721704022,0.442236657750605,0.5976867081614422
SHIP100185,Mumbai,Mumbai,Xpressbees,Road,811.1,54.43,8.04,7515.96,Yes,0.8465942533040828,0.24794654044271194,0.7683097694561201,0.7533570498701848
SHIP100348,Mumbai,Chennai,Ekart,Road,268.8,65.54,4.96,3596.86,Yes,0.2662528760233293,0.2995034572369948,0.4544643994395618,0.342902293523694
SHIP100103,Bangalore,Pune,Xpressbees,Road,839.7,67.09,8.45,7111.81,Yes,0.8772004922681793,0.30669636642071557,0.8100878868933893,0.7110296558824238
SHIP100407,Kolkata,Mumbai,Bluedart,Air,484.3,46.17,5.66,4269.09,Yes,0.49686981646958117,0.20961529537333518,0.5257928926251433,0.41330621301000503
SHIP100211,Pune,Bangalore,Delhivery,Road,554.8,94.57,5.98,6175.24,Yes,0.5723152656642946,0.43421968536823047,0.5584002037956948,0.6129409081721249
SHIP100025,Mumbai,Hyderabad,Dtdc,Air,389.3,28.82,4.03,3032.69,Yes,0.3952057359944353,0.1291011183813634,0.3596994013501465,0.2838157022430429
SHIP100196,Delhi,Delhi,Delhivery,Road,575.3,98.61,5.68,6217.8,Yes,0.5942533040826156,0.4529676551116061,0.5278308495733027,0.6173982974783703
SHIP100175,Mumbai,Pune,Xpressbees,Air,617.9,216.49,7.32,9355.69,Yes,0.639841618064102,1.0,0.6949433193223793,0.9460354527926237
