Shipment_ID,Origin_City,Destination_City,Carrier,Transport_Mode,Distance_KM,Weight_KG,Delivery_Time_Days,Shipping_Cost_INR,On_Time
SHIP100358,Bangalore,Pune,Ekart,Air,601.3,12.28,7.28,4798.3,Yes
SHIP100338,Chennai,PUNE,BlueDart,Road,663.7,22.36,7.01,5816.6,Yes
SHIP100298,Pune,bangalore,Delhivery,Rail,508.2,50.02,5.91,5427.91,Yes
SHIP100013,Pune,PUNE,BlueDart,AIR,537.6,51.61,6.79,5849.22,Yes
SHIP100420,PUNE,Pune,Delhivery,Road,409.8,44.11,4.59,4250.2,Yes
SHIP100404,Bangalore,Delhi,XpressBees,Rail,353.6,54.42,4.18,3399.15,Yes
SHIP100481,Kolkata,mumbai,XpressBees,road,470.7,143.37,4.48,6510.15,Yes
SHIP100173,Mumbai,Hyderabad,DTDC,Rail,378.1,26.68,5.9,3367.14,Yes
SHIP100065,Kolkata,Kolkata,Ekart,Air,412.3,88.51,5.19,4661.33,Yes
SHIP100468,Pune,Kolkata,DTDC,Road,372.7,121.91,4.96,5560.39,Yes
SHIP100301,Chennai,bangalore,Ekart,Road,168.6,62.91,3.02,2255.94,Yes
SHIP100228,Kolkata,mumbai,Ekart,Road,239.4,20.84,3.81,2617.76,Yes
SHIP100476,PUNE,PUNE,XpressBees,Air,394.3,82.66,5.21,5026.56,Yes
SHIP100109,Pune,Chennai,BlueDart,Air,541.4,16.88,7.33,4534.2,Yes
SHIP100453,Mumbai,Kolkata,Ekart,Road,161.6,69.97,3.07,2286.28,Yes
SHIP100474,mumbai,PUNE,Delhivery,Road,464.8,128.53,5.91,5593.5,Yes
SHIP100302,Mumbai,Bangalore,Ekart,Road,609.0,60.65,7.38,6369.32,Yes
SHIP100490,Mumbai,Chennai,Ekart,road,792.2,151.65,8.37,8313.02,Yes
SHIP100032,Delhi,Delhi,BlueDart,Road,528.6,187.41,4.7,7843.59,Yes
SHIP100248,PUNE,,DTDC,Rail,718.7,,5.71,6101.02,Yes
SHIP100478,Delhi,Chennai,Ekart,AIR,507.5,92.67,6.67,5805.45,Yes
SHIP100485,Pune,PUNE,DTDC,road,314.6,102.88,4.94,3558.35,Yes
SHIP100202,Hyderabad,mumbai,Delhivery,road,321.0,203.55,3.82,5792.4,Yes
SHIP100246,Mumbai,Kolkata,Delhivery,Rail,614.4,,,5684.78,No
SHIP100147,Hyderabad,Hyderabad,XpressBees,road,518.6,75.94,5.29,5292.21,Yes
SHIP100330,Bangalore,Hyderabad,Ekart,Road,454.4,146.66,3.9,5815.53,Yes
SHIP100336,mumbai,Bangalore,BlueDart,Road,416.3,78.08,4.14,4326.54,Yes
SHIP100310,Pune,,BlueDart,Air,470.4,82.27,4.53,4853.04,Yes
SHIP100363,Bangalore,Pune,XpressBees,Air,284.0,24.07,3.17,2512.4,Yes
SHIP100313,Kolkata,PUNE,BlueDart,Rail,329.7,41.67,5.02,3478.41,Yes
SHIP100227,bangalore,Delhi,DTDC,Road,354.1,47.79,4.9,3892.35,Yes
SHIP100256,Hyderabad,Mumbai,Ekart,AIR,462.1,127.47,6.32,5316.22,Yes
SHIP100089,Pune,Delhi,Delhivery,Road,331.8,103.31,2.95,3857.39,Yes
SHIP100457,Pune,bangalore,BlueDart,road,418.3,42.38,6.71,4693.7,No
SHIP100308,bangalore,PUNE,Delhivery,Road,373.3,17.03,6.38,3454.92,No
SHIP100118,bangalore,Delhi,Ekart,Road,410.2,54.23,5.48,4116.65,Yes
SHIP100357,Kolkata,Bangalore,Ekart,Road,359.1,215.21,5.77,5765.92,Yes
SHIP100452,Mumbai,Chennai,DTDC,Road,463.6,,5.32,4205.45,Yes
SHIP100493,bangalore,Chennai,DTDC,Rail,177.5,136.51,3.02,3256.88,Yes
SHIP100236,bangalore,Bangalore,Delhivery,Road,270.3,191.28,4.55,5723.74,Yes
SHIP100090,Pune,Delhi,DTDC,Rail,261.6,48.09,4.77,2855.86,Yes
SHIP100377,mumbai,Delhi,XpressBees,Road,486.2,29.54,6.82,4201.22,Yes
SHIP100138,Bangalore,bangalore,Delhivery,road,672.9,46.13,7.89,6200.17,Yes
SHIP100101,Mumbai,Bangalore,Ekart,Rail,550.1,85.23,5.27,5543.94,Yes
SHIP100461,Mumbai,Mumbai,BlueDart,road,755.1,172.7,5.83,9418.55,Yes
SHIP100232,mumbai,Pune,XpressBees,Road,749.0,147.31,5.86,,Yes
SHIP100314,Bangalore,Bangalore,XpressBees,Road,787.2,141.71,7.16,9768.28,Yes
SHIP100360,PUNE,mumbai,Delhivery,AIR,407.0,126.36,4.76,5237.41,Yes
SHIP100155,Delhi,Delhi,DTDC,Road,555.9,49.37,5.6,5025.84,Yes
SHIP100368,Delhi,PUNE,Delhivery,road,629.7,78.6,5.37,6797.92,Yes
SHIP100328,Mumbai,Bangalore,DTDC,AIR,821.3,84.61,7.84,7129.13,Yes
SHIP100340,bangalore,bangalore,BlueDart,Rail,554.3,101.01,5.29,6622.83,Yes
SHIP100426,Bangalore,mumbai,DTDC,road,260.3,55.99,2.9,2782.59,Yes
SHIP100253,Chennai,Bangalore,Ekart,road,609.1,27.42,6.81,4537.47,Yes
SHIP100378,Kolkata,PUNE,Delhivery,road,2597.2,34.29,21.99,25444.95,Yes
SHIP100359,Mumbai,Hyderabad,DTDC,Road,548.4,27.67,5.74,5502.3,Yes
SHIP100115,Delhi,Chennai,Delhivery,road,96.1,45.27,3.35,1525.03,Yes
SHIP100466,Kolkata,Bangalore,Ekart,Road,339.9,111.11,5.09,3774.49,Yes
SHIP100051,Mumbai,Pune,DTDC,Road,554.3,103.81,8.53,6633.32,No
SHIP100271,Chennai,PUNE,BlueDart,AIR,656.8,201.74,7.68,7872.48,Yes
SHIP100496,bangalore,Kolkata,Delhivery,Road,498.1,44.53,5.61,4804.1,Yes
SHIP100264,Hyderabad,Kolkata,BlueDart,AIR,534.0,90.45,5.56,6470.49,Yes
SHIP100060,PUNE,PUNE,Ekart,road,418.9,163.81,6.46,5908.04,Yes
SHIP100263,Pune,Hyderabad,XpressBees,road,205.8,192.97,3.9,4665.3,Yes
SHIP100164,Mumbai,bangalore,BlueDart,AIR,308.7,70.55,4.75,,Yes
SHIP100204,Pune,mumbai,Ekart,AIR,435.1,302.79,6.62,7320.32,Yes
SHIP100422,Delhi,PUNE,Delhivery,Road,446.5,172.33,2.86,6511.48,Yes
SHIP100132,Pune,Hyderabad,Delhivery,Rail,482.6,20.32,9.02,3620.17,No
SHIP100451,Pune,Pune,BlueDart,Road,583.6,128.31,7.92,7581.55,No
SHIP100212,bangalore,Mumbai,XpressBees,Rail,409.2,15.32,3.99,3231.92,Yes
SHIP100082,Chennai,Mumbai,Delhivery,Road,812.4,61.22,7.57,8012.67,Yes
SHIP100442,Mumbai,Chennai,XpressBees,Road,332.3,147.41,3.3,5136.31,Yes
SHIP100355,Bangalore,Mumbai,BlueDart,Rail,445.9,81.19,3.87,4388.68,Yes
SHIP100238,Hyderabad,PUNE,XpressBees,Road,587.9,30.85,6.66,5822.75,Yes
SHIP100168,bangalore,Kolkata,Delhivery,Rail,290.3,22.15,4.82,2459.68,Yes
SHIP100300,Delhi,Mumbai,DTDC,Road,397.5,17.85,6.52,3443.13,No
SHIP100030,Hyderabad,bangalore,Delhivery,Air,478.9,223.39,5.23,8312.91,Yes
SHIP100022,Kolkata,PUNE,Ekart,Air,411.6,,,5088.24,Yes
SHIP100261,mumbai,Mumbai,DTDC,Road,224.2,87.43,3.19,3481.19,Yes
SHIP100031,Pune,Kolkata,Ekart,Road,450.5,156.67,3.97,7046.45,Yes
SHIP100362,Bangalore,Kolkata,XpressBees,road,379.5,127.0,5.58,,Yes
SHIP100052,PUNE,Chennai,BlueDart,road,471.5,29.25,5.6,4610.39,Yes
SHIP100482,Delhi,Pune,Ekart,Road,421.2,218.92,5.36,7921.5,Yes
SHIP100321,bangalore,Hyderabad,DTDC,Road,297.7,375.17,4.15,7605.23,Yes
SHIP100244,Bangalore,Pune,XpressBees,Air,409.2,17.18,6.79,3881.64,No
SHIP100237,Hyderabad,Chennai,Delhivery,Rail,504.3,86.56,5.48,4722.27,Yes
SHIP100056,mumbai,Mumbai,BlueDart,road,445.1,53.33,5.4,4475.25,Yes
SHIP100364,Delhi,Delhi,DTDC,Road,740.8,47.94,8.0,7103.22,Yes
SHIP100002,Chennai,Mumbai,DTDC,Air,700.2,126.9,9.8,8990.24,No
SHIP100058,Bangalore,Hyderabad,,road,370.2,95.13,5.88,4510.81,Yes
SHIP100369,bangalore,Pune,BlueDart,road,372.3,19.36,4.26,3858.8,Yes
SHIP100431,Kolkata,Pune,XpressBees,Air,419.6,37.4,5.41,4240.39,Yes
SHIP100341,Hyderabad,Hyderabad,Ekart,Road,508.6,20.82,6.91,5113.99,Yes
SHIP100293,Pune,Pune,Delhivery,road,306.1,31.74,4.43,2747.9,Yes
SHIP100074,Chennai,Hyderabad,DTDC,Road,583.6,100.2,5.66,7246.73,Yes
SHIP100324,mumbai,PUNE,DTDC,Air,389.7,2.37,3.45,3436.64,Yes
SHIP100303,Delhi,Kolkata,XpressBees,Air,436.0,60.65,7.24,4580.78,No
SHIP100414,PUNE,Hyderabad,DTDC,Road,281.6,251.78,3.11,5629.67,Yes
SHIP100409,Delhi,Pune,XpressBees,Road,371.6,106.53,4.03,5412.28,Yes
SHIP100080,bangalore,Hyderabad,XpressBees,Road,532.8,28.23,4.25,,Yes
SHIP100306,PUNE,PUNE,XpressBees,Road,503.8,75.37,4.51,4568.23,Yes
SHIP100026,Kolkata,bangalore,XpressBees,Rail,339.6,61.56,3.57,4117.09,Yes
SHIP100305,Mumbai,Mumbai,DTDC,Rail,1024.8,38.75,10.48,8233.35,Yes
SHIP100462,Kolkata,Delhi,XpressBees,Road,337.9,56.5,3.96,4091.56,Yes
SHIP100120,Kolkata,PUNE,XpressBees,road,505.3,15.82,6.85,3759.18,Yes
SHIP100347,bangalore,PUNE,Delhivery,Air,687.2,230.55,5.7,8847.58,Yes
SHIP100459,Pune,Bangalore,DTDC,Air,549.3,156.52,6.73,6852.61,Yes
SHIP100159,Chennai,Delhi,BlueDart,road,530.0,231.71,4.89,7762.86,Yes
SHIP100389,bangalore,Chennai,BlueDart,road,482.3,20.27,5.49,,Yes
SHIP100050,Pune,Bangalore,DTDC,Air,447.2,125.67,,6497.43,Yes
SHIP100429,mumbai,bangalore,Ekart,Road,757.9,54.34,7.4,6543.03,Yes
SHIP100294,Mumbai,Hyderabad,Ekart,road,1491.6,44.8,14.27,14366.58,Yes
SHIP100014,Bangalore,Pune,DTDC,road,461.6,119.39,4.49,4888.92,Yes
SHIP100418,Delhi,Delhi,DTDC,Road,516.1,133.56,7.25,6802.57,Yes
SHIP100447,Mumbai,Bangalore,Delhivery,Road,621.5,,6.02,5698.64,Yes
SHIP100114,Mumbai,Kolkata,Ekart,Air,261.9,60.29,2.95,3148.76,Yes
SHIP100145,Mumbai,Delhi,BlueDart,Rail,133.1,37.02,3.32,1690.71,Yes
SHIP100003,Delhi,PUNE,Ekart,Road,550.4,149.28,5.09,6377.5,Yes
SHIP100384,bangalore,Kolkata,BlueDart,Air,472.7,16.51,4.15,3850.85,Yes
SHIP100059,Kolkata,PUNE,Delhivery,road,290.7,82.77,5.27,3806.69,Yes
SHIP100396,mumbai,Hyderabad,DTDC,Road,571.1,29.68,7.11,4435.72,Yes
SHIP100165,Mumbai,Delhi,DTDC,Road,566.7,69.94,5.86,5955.12,Yes
SHIP100222,Hyderabad,Mumbai,BlueDart,road,508.2,142.38,5.32,5575.9,Yes
SHIP100098,Hyderabad,Mumbai,Delhivery,Air,391.9,79.52,6.38,4551.1,No
SHIP100469,Hyderabad,Delhi,XpressBees,Road,325.4,37.58,4.17,2936.17,Yes
SHIP100040,Hyderabad,Bangalore,DTDC,Rail,239.4,95.77,4.52,3331.16,Yes
SHIP100249,Mumbai,Delhi,DTDC,Air,401.2,77.38,4.19,4817.84,Yes
SHIP100041,mumbai,bangalore,Delhivery,Air,125.6,76.63,2.68,2331.6,Yes
SHIP100395,Mumbai,Mumbai,XpressBees,Rail,406.6,,3.88,7060.54,Yes
SHIP100193,Mumbai,Hyderabad,XpressBees,Rail,449.4,71.82,5.48,5178.82,Yes
SHIP100206,PUNE,mumbai,BlueDart,Road,722.4,99.69,5.77,8327.71,Yes
SHIP100079,Hyderabad,Mumbai,XpressBees,Rail,314.4,50.98,4.89,3065.46,Yes
SHIP100028,bangalore,Kolkata,XpressBees,Road,380.1,23.76,3.14,3608.24,Yes
SHIP100491,bangalore,Bangalore,XpressBees,Road,439.1,59.58,3.35,3826.28,Yes
SHIP100499,Pune,Hyderabad,XpressBees,road,611.1,,5.92,7355.53,Yes
SHIP100245,Chennai,mumbai,DTDC,road,516.1,28.83,5.81,5311.41,Yes
SHIP100367,Delhi,Bangalore,XpressBees,Air,723.8,171.19,6.78,7716.32,Yes
SHIP100057,Bangalore,bangalore,XpressBees,road,282.0,101.49,2.26,4308.19,Yes
SHIP100497,bangalore,Chennai,Ekart,AIR,541.6,23.37,5.81,4184.99,Yes
SHIP100062,mumbai,Pune,XpressBees,Road,203.1,77.53,3.85,3118.54,Yes
SHIP100381,Chennai,Bangalore,BlueDart,Rail,364.5,136.07,5.93,4765.17,Yes
SHIP100111,Pune,Chennai,,Road,643.1,27.09,8.44,6296.3,No
SHIP100084,Chennai,Delhi,DTDC,Air,384.2,25.09,5.36,4059.42,Yes
SHIP100340,bangalore,bangalore,BlueDart,Rail,554.3,101.01,5.29,6622.83,Yes
SHIP100200,Bangalore,bangalore,XpressBees,Air,244.5,79.68,3.79,3019.74,Yes
SHIP100146,Hyderabad,Kolkata,Delhivery,Air,585.6,68.23,8.06,5449.82,No
SHIP100188,Bangalore,Pune,DTDC,road,634.3,111.9,7.6,5792.37,Yes
SHIP100129,bangalore,mumbai,Ekart,road,582.3,65.38,7.11,5783.82,Yes
SHIP100326,Mumbai,mumbai,XpressBees,road,278.1,119.07,4.42,,Yes
SHIP100096,Hyderabad,mumbai,Delhivery,Air,194.1,40.45,3.13,2147.09,Yes
SHIP100216,Chennai,Pune,Ekart,Road,789.2,62.77,7.23,7894.77,Yes
SHIP100258,Hyderabad,Hyderabad,XpressBees,Air,168.7,88.58,2.12,2959.31,Yes
SHIP100471,PUNE,Mumbai,BlueDart,AIR,435.0,123.1,5.16,4643.74,Yes
SHIP100141,bangalore,Bangalore,Ekart,Road,756.4,92.04,9.41,7940.81,No
SHIP100456,mumbai,PUNE,DTDC,Rail,840.8,81.45,7.66,7989.62,Yes
SHIP100220,Mumbai,Kolkata,Delhivery,Air,475.4,70.26,5.11,5469.48,Yes
SHIP100319,mumbai,Pune,Ekart,Road,603.5,56.74,8.29,5949.61,No
SHIP100162,Hyderabad,Pune,XpressBees,Road,425.9,221.73,3.67,6636.16,Yes
SHIP100217,bangalore,Mumbai,BlueDart,Road,727.8,111.22,8.1,7085.66,Yes
SHIP100316,Pune,Chennai,BlueDart,Rail,369.5,18.53,2.92,3206.27,Yes
SHIP100239,Pune,Chennai,BlueDart,Road,670.8,82.06,6.77,7482.09,Yes
SHIP100243,Chennai,Pune,BlueDart,AIR,301.2,92.48,3.11,4167.0,Yes
SHIP100081,Hyderabad,Chennai,DTDC,Road,328.0,88.6,3.51,4699.15,Yes
SHIP100489,mumbai,Kolkata,Delhivery,road,453.8,106.56,5.01,5280.65,Yes
SHIP100473,Delhi,Bangalore,Delhivery,Road,586.8,140.43,7.5,6521.94,Yes
SHIP100187,Kolkata,Bangalore,XpressBees,Road,667.5,84.68,6.1,5743.1,Yes
SHIP100427,Delhi,Chennai,DTDC,Air,257.8,94.66,5.13,4086.52,Yes
SHIP100267,PUNE,Bangalore,BlueDart,Air,659.7,31.32,6.76,5160.28,Yes
SHIP100179,Bangalore,Chennai,Delhivery,Air,677.3,41.13,7.28,5762.85,Yes
SHIP100292,PUNE,Pune,XpressBees,road,333.7,43.12,4.32,2951.73,Yes
SHIP100053,mumbai,Mumbai,Ekart,Rail,274.8,28.65,3.35,3018.85,Yes
SHIP100277,Pune,Chennai,DTDC,Air,383.9,36.07,4.09,3122.4,Yes
SHIP100139,PUNE,Chennai,Delhivery,Road,453.8,62.67,3.84,4991.24,Yes
SHIP100268,Mumbai,Chennai,Ekart,road,317.8,74.9,3.78,3205.28,Yes
SHIP100443,PUNE,Chennai,XpressBees,Rail,120.5,12.54,2.71,1082.56,Yes
SHIP100066,PUNE,Kolkata,BlueDart,road,329.6,132.94,3.79,4796.8,Yes
SHIP100412,Delhi,Bangalore,BlueDart,Road,583.0,54.0,4.95,5301.99,Yes
SHIP100494,Delhi,bangalore,Delhivery,Road,125.4,21.0,2.13,1283.11,Yes
SHIP100289,Mumbai,mumbai,DTDC,Rail,319.0,57.48,4.12,3798.14,Yes
SHIP100221,Hyderabad,Chennai,XpressBees,Rail,131.7,20.78,2.22,1217.27,Yes
SHIP100099,Chennai,Mumbai,Ekart,Road,404.9,65.03,3.78,4841.28,Yes
SHIP100278,Bangalore,Bangalore,Delhivery,Road,301.0,49.38,3.5,2731.42,Yes
SHIP100148,PUNE,Bangalore,Ekart,Road,682.2,207.52,5.25,8220.98,Yes
SHIP100015,Delhi,Kolkata,XpressBees,Road,94.4,128.17,3.48,2437.24,Yes
SHIP100163,PUNE,Delhi,BlueDart,Road,452.6,96.65,6.66,5345.79,Yes
SHIP100284,Bangalore,Chennai,Delhivery,road,24.7,10.53,2.38,324.42,Yes
SHIP100046,mumbai,Kolkata,BlueDart,road,351.7,21.64,3.5,2871.59,Yes
SHIP100086,Pune,Kolkata,Delhivery,Air,207.5,82.99,3.51,3004.13,Yes
SHIP100037,bangalore,Kolkata,Ekart,Road,618.2,113.92,8.57,6697.56,No
SHIP100416,Kolkata,Pune,XpressBees,Road,353.5,55.27,3.97,3928.31,Yes
SHIP100385,Kolkata,Delhi,Delhivery,Rail,799.0,135.04,8.59,7265.22,Yes
SHIP100342,PUNE,bangalore,XpressBees,Road,485.0,57.74,5.89,5268.97,Yes
SHIP100172,Delhi,Delhi,XpressBees,AIR,760.9,83.64,4.92,6309.24,Yes
SHIP100073,Delhi,Chennai,XpressBees,Rail,341.0,106.29,3.44,4689.47,Yes
SHIP100424,Kolkata,Kolkata,BlueDart,Road,594.0,60.53,4.13,5075.0,Yes
SHIP100104,Chennai,bangalore,BlueDart,Road,334.2,,4.32,4152.72,Yes
SHIP100213,PUNE,Chennai,XpressBees,Road,277.3,138.11,4.14,4924.96,Yes
SHIP100242,PUNE,Hyderabad,BlueDart,Road,292.0,9.16,,2253.22,Yes
SHIP100016,mumbai,Delhi,BlueDart,road,280.9,203.84,3.59,5393.95,Yes
SHIP100480,PUNE,PUNE,XpressBees,AIR,112.5,35.97,3.16,1481.96,Yes
SHIP100091,Mumbai,PUNE,Ekart,Road,546.6,88.89,6.24,5793.9,Yes
SHIP100088,Chennai,Bangalore,BlueDart,road,666.1,199.61,6.88,9150.25,Yes
SHIP100380,Mumbai,Mumbai,Delhivery,road,555.6,,5.73,5390.94,Yes
SHIP100140,Kolkata,Mumbai,DTDC,AIR,505.6,68.28,3.87,4773.0,Yes
SHIP100194,Bangalore,Mumbai,BlueDart,Road,419.4,23.24,4.42,4258.83,Yes
SHIP100205,PUNE,mumbai,DTDC,Rail,428.1,67.85,4.56,3944.2,Yes
SHIP100102,bangalore,Bangalore,Delhivery,Road,532.1,141.48,3.34,5616.28,Yes
SHIP100259,mumbai,Kolkata,Ekart,Rail,354.8,48.89,4.46,4052.16,Yes
SHIP100174,Chennai,Mumbai,Delhivery,Road,490.4,105.59,5.42,,Yes
SHIP100170,Pune,Pune,XpressBees,Rail,580.0,94.16,7.39,6408.15,Yes
SHIP100295,Mumbai,bangalore,DTDC,Rail,278.4,204.94,2.53,5207.53,Yes
SHIP100157,Pune,Bangalore,Delhivery,Rail,521.0,23.25,6.06,3904.45,Yes
SHIP100070,Chennai,mumbai,XpressBees,Air,572.0,86.63,6.71,6894.73,Yes
SHIP100133,Bangalore,mumbai,Delhivery,road,216.6,69.08,1.84,2657.77,Yes
SHIP100281,Bangalore,Chennai,Delhivery,Road,20.0,38.6,0.5,712.07,Yes
SHIP100304,Pune,Hyderabad,Delhivery,Road,417.5,20.41,4.16,4303.81,Yes
SHIP100372,PUNE,PUNE,DTDC,Air,287.3,47.14,3.47,2820.61,Yes
SHIP100273,bangalore,Chennai,BlueDart,Air,461.1,5.27,6.29,4305.7,Yes
SHIP100454,Chennai,PUNE,BlueDart,AIR,405.7,82.86,5.42,4657.65,Yes
SHIP100333,bangalore,Bangalore,XpressBees,road,531.4,40.14,6.65,5055.22,Yes
SHIP100270,PUNE,Kolkata,XpressBees,Road,486.1,155.01,5.44,6125.36,Yes
SHIP100346,Pune,Delhi,XpressBees,Road,480.3,70.59,5.77,4184.38,Yes
SHIP100458,mumbai,PUNE,XpressBees,Rail,472.2,67.74,4.68,4569.32,Yes
SHIP100018,Bangalore,Pune,BlueDart,Road,232.3,88.84,4.05,2867.21,Yes
SHIP100177,mumbai,Mumbai,Ekart,Road,133.1,1.0,5.04,1149.25,No
SHIP100387,Kolkata,Kolkata,XpressBees,Road,328.0,53.92,5.86,3402.2,No
SHIP100020,Delhi,PUNE,,Rail,725.5,80.91,7.44,7151.22,Yes
SHIP100055,PUNE,PUNE,BlueDart,Road,421.5,79.56,5.04,5008.36,Yes
SHIP100382,Pune,mumbai,Delhivery,Air,606.8,13.1,8.06,4308.97,Yes
SHIP100425,Kolkata,Hyderabad,XpressBees,Rail,159.1,105.25,1.76,2665.64,Yes
SHIP100361,Kolkata,Chennai,XpressBees,Rail,384.0,218.5,2.29,6885.19,Yes
SHIP100034,bangalore,bangalore,Delhivery,Air,620.9,61.3,58.46,6224.01,No
SHIP100181,Delhi,Chennai,XpressBees,Road,910.5,7.63,8.24,7675.54,Yes
SHIP100184,Pune,Kolkata,Ekart,Road,727.6,42.89,7.54,7002.78,Yes
SHIP100150,Pune,Mumbai,Ekart,AIR,425.1,25.72,5.97,4273.82,Yes
SHIP100207,Pune,Pune,DTDC,Road,563.5,,6.33,7625.66,Yes
SHIP100240,Pune,PUNE,BlueDart,AIR,432.0,65.48,6.18,4521.38,Yes
SHIP100365,Mumbai,Bangalore,Ekart,Air,392.0,124.77,2.28,4527.68,Yes
SHIP100370,PUNE,PUNE,Ekart,Road,522.7,114.71,5.26,7073.2,Yes
SHIP100296,Delhi,Delhi,Delhivery,road,472.1,15.58,5.53,4785.93,Yes
SHIP100097,bangalore,Hyderabad,DTDC,road,720.2,38.86,7.69,5553.6,Yes
SHIP100235,Delhi,bangalore,BlueDart,AIR,534.4,31.06,2.57,4912.88,Yes
SHIP100397,Bangalore,Chennai,Delhivery,Road,792.0,33.63,9.06,6840.51,Yes
SHIP100434,Kolkata,bangalore,XpressBees,Air,1808.5,67.69,16.95,17851.53,Yes
SHIP100154,Hyderabad,Mumbai,Delhivery,Road,345.5,83.54,5.8,4260.16,Yes
SHIP100122,Pune,Mumbai,Delhivery,road,604.9,66.94,5.99,6457.39,Yes
SHIP100113,Pune,PUNE,BlueDart,Road,298.9,42.69,3.67,2695.45,Yes
SHIP100280,Bangalore,bangalore,XpressBees,AIR,257.0,141.11,3.14,3639.06,Yes
SHIP100351,Bangalore,PUNE,BlueDart,Road,428.7,33.2,3.94,4364.65,Yes
SHIP100171,Mumbai,Mumbai,Delhivery,road,382.9,37.43,4.21,3695.73,Yes
SHIP100108,Bangalore,Bangalore,XpressBees,Air,725.1,80.9,6.72,8046.56,Yes
SHIP100078,Mumbai,Hyderabad,BlueDart,Road,455.8,76.36,5.29,4998.43,Yes
SHIP100094,bangalore,PUNE,DTDC,Road,629.3,16.48,5.91,5252.95,Yes
SHIP100061,Bangalore,Bangalore,Delhivery,Air,758.1,238.47,8.14,9809.31,Yes
SHIP100440,bangalore,,BlueDart,Road,20.0,182.0,1.98,2534.92,Yes
SHIP100467,mumbai,mumbai,XpressBees,Road,443.3,50.72,5.19,4757.19,Yes
SHIP100125,PUNE,Delhi,XpressBees,road,500.9,134.33,5.91,5542.83,Yes
SHIP100337,Hyderabad,bangalore,Ekart,AIR,627.4,107.28,7.43,6145.51,Yes
SHIP100310,Pune,,BlueDart,Air,470.4,82.27,4.53,4853.04,Yes
SHIP100487,Pune,Delhi,BlueDart,road,306.7,77.43,3.96,4111.21,Yes
SHIP100423,bangalore,Hyderabad,BlueDart,road,395.4,187.01,3.74,6095.32,Yes
SHIP100274,Pune,Mumbai,Delhivery,Road,527.2,24.83,5.16,5287.11,Yes
SHIP100410,Bangalore,Mumbai,Delhivery,road,542.4,137.39,6.59,7497.23,Yes
SHIP100024,Hyderabad,bangalore,BlueDart,Road,476.8,18.72,4.61,4200.78,Yes
SHIP100322,mumbai,Delhi,Delhivery,Air,2092.5,48.88,18.8,18015.65,Yes
SHIP100350,bangalore,mumbai,XpressBees,Rail,687.1,143.78,7.81,6599.73,Yes
SHIP100479,Hyderabad,Delhi,Delhivery,Rail,691.3,85.25,7.04,6206.28,Yes
SHIP100126,PUNE,PUNE,DTDC,Road,405.2,40.38,4.94,4469.2,Yes
SHIP100408,Pune,Pune,Ekart,Road,577.7,169.82,6.93,6604.18,Yes
SHIP100283,Pune,Kolkata,BlueDart,Rail,612.7,,6.95,6080.52,Yes
SHIP100178,mumbai,Mumbai,BlueDart,Air,175.4,172.65,2.31,4519.73,Yes
SHIP100436,Chennai,Hyderabad,XpressBees,Rail,625.5,122.82,5.72,7434.83,Yes
SHIP100450,Delhi,bangalore,XpressBees,AIR,745.2,63.54,8.16,7122.52,Yes
SHIP100223,mumbai,Kolkata,Delhivery,road,423.4,26.0,5.97,3589.62,Yes
SHIP100352,Pune,PUNE,BlueDart,Road,68.1,47.34,1.09,1418.7,Yes
SHIP100093,Kolkata,Pune,XpressBees,AIR,579.4,101.31,6.28,6346.02,Yes
SHIP100069,Hyderabad,Pune,Ekart,Road,778.7,61.48,8.05,7822.41,Yes
SHIP100036,Hyderabad,Hyderabad,DTDC,AIR,20.0,7.68,2.62,252.69,Yes
SHIP100160,Bangalore,Delhi,BlueDart,road,665.4,43.18,6.61,5117.05,Yes
SHIP100011,Chennai,Hyderabad,Ekart,road,545.3,65.15,5.86,5961.04,Yes
SHIP100144,Mumbai,Mumbai,XpressBees,Air,551.8,27.56,5.01,5653.33,Yes
SHIP100354,Kolkata,Bangalore,,Road,683.5,42.53,7.66,6338.04,Yes
SHIP100127,Delhi,Pune,XpressBees,road,739.3,42.63,6.34,5834.45,Yes
SHIP100421,Mumbai,Kolkata,Ekart,Rail,387.1,154.14,5.53,5116.47,Yes
SHIP100009,Delhi,Hyderabad,Delhivery,Air,416.3,53.73,4.33,3988.63,Yes
SHIP100375,Chennai,Kolkata,XpressBees,AIR,663.8,64.06,7.93,5782.7,Yes
SHIP100176,Mumbai,PUNE,Delhivery,AIR,194.7,90.21,4.79,2877.32,No
SHIP100231,Mumbai,,DTDC,AIR,769.0,69.87,9.78,6788.11,No
SHIP100210,Pune,Hyderabad,DTDC,Road,669.8,99.06,7.56,7148.16,Yes
SHIP100128,bangalore,Bangalore,DTDC,Rail,538.4,28.37,5.38,4029.08,Yes
SHIP100143,bangalore,mumbai,XpressBees,road,918.3,73.51,9.9,7744.57,Yes
SHIP100241,Pune,Chennai,BlueDart,AIR,413.3,,5.31,3796.03,Yes
SHIP100007,bangalore,Mumbai,XpressBees,Air,395.1,242.31,6.27,7483.35,Yes
SHIP100254,PUNE,Delhi,DTDC,Road,582.6,83.16,7.41,5536.72,Yes
SHIP100371,Bangalore,Mumbai,Ekart,Road,445.6,60.82,6.29,4511.44,Yes
SHIP100353,Hyderabad,Bangalore,XpressBees,Air,340.6,272.03,2.46,6166.94,Yes
SHIP100008,Chennai,PUNE,XpressBees,Road,340.3,82.9,4.63,3764.54,Yes
SHIP100156,Mumbai,bangalore,BlueDart,Road,750.6,169.84,6.34,8899.57,Yes
SHIP100027,Pune,Delhi,BlueDart,Rail,395.6,50.94,4.93,4687.83,Yes
SHIP100266,Mumbai,Hyderabad,BlueDart,Rail,159.3,48.6,2.77,2267.22,Yes
SHIP100064,mumbai,bangalore,BlueDart,AIR,714.8,247.92,8.29,10113.43,Yes
SHIP100255,Pune,Bangalore,Delhivery,Air,399.4,150.37,6.32,5411.02,Yes
SHIP100318,Chennai,Mumbai,Delhivery,Road,462.2,132.89,6.21,6567.39,Yes
SHIP100153,Chennai,Pune,BlueDart,Air,296.9,63.12,35.99,3743.72,No
SHIP100048,bangalore,Delhi,DTDC,Road,183.8,64.2,3.34,2247.08,Yes
SHIP100208,Kolkata,mumbai,XpressBees,Road,265.6,124.82,,3853.78,Yes
SHIP100287,Delhi,Pune,XpressBees,road,820.3,57.69,8.17,7549.91,Yes
SHIP100001,PUNE,Mumbai,Ekart,AIR,597.2,113.59,6.14,7117.3,Yes
SHIP100269,Delhi,Mumbai,DTDC,Air,304.2,67.36,2.75,4003.8,Yes
SHIP100265,PUNE,Hyderabad,Delhivery,Air,443.6,155.6,4.77,6544.43,Yes
SHIP100327,Chennai,Chennai,Delhivery,road,526.2,127.14,7.19,5767.31,Yes
SHIP100334,Kolkata,Delhi,XpressBees,Road,258.8,56.37,4.41,2646.37,Yes
SHIP100095,Kolkata,Hyderabad,Delhivery,Rail,313.8,157.89,4.52,4487.14,Yes
SHIP100464,Kolkata,Mumbai,Ekart,road,316.4,,4.27,4042.61,Yes
SHIP100492,Chennai,Bangalore,DTDC,Road,322.5,53.37,5.52,3406.03,Yes
SHIP100439,Chennai,bangalore,XpressBees,AIR,630.2,197.36,7.1,9030.02,Yes
SHIP100116,Kolkata,Kolkata,DTDC,Road,820.1,25.6,8.09,7640.45,Yes
SHIP100045,Delhi,mumbai,DTDC,Rail,20.0,23.02,2.82,468.56,Yes
SHIP100161,Chennai,Bangalore,Delhivery,Rail,340.2,43.87,4.42,2946.92,Yes
SHIP100386,Delhi,bangalore,DTDC,Air,269.9,54.86,2.08,,Yes
SHIP100117,bangalore,mumbai,DTDC,AIR,251.4,7.0,2.05,1976.92,Yes
SHIP100288,Mumbai,bangalore,BlueDart,road,453.7,143.39,5.69,6497.95,Yes
SHIP100077,Hyderabad,Pune,XpressBees,road,731.1,128.16,8.71,8478.71,Yes
SHIP100413,Mumbai,Chennai,DTDC,Road,560.8,66.38,5.39,5436.82,Yes
SHIP100063,Kolkata,Bangalore,BlueDart,Road,159.6,61.06,1.96,2345.85,Yes
SHIP100394,Kolkata,Hyderabad,BlueDart,Air,523.8,15.38,5.91,4513.02,Yes
SHIP100390,Hyderabad,mumbai,BlueDart,Road,513.1,54.61,5.09,4393.52,Yes
SHIP100230,PUNE,Delhi,BlueDart,Rail,445.0,95.7,4.5,4782.09,Yes
SHIP100297,Bangalore,Kolkata,DTDC,Road,742.4,100.63,6.24,7547.2,Yes
SHIP100186,Delhi,Bangalore,Delhivery,AIR,821.1,,7.75,6776.26,Yes
SHIP100455,Kolkata,Mumbai,DTDC,AIR,298.2,22.33,4.35,2995.7,Yes
SHIP100199,Bangalore,Pune,Delhivery,Road,716.0,23.71,7.0,6061.41,Yes
SHIP100344,Mumbai,Pune,BlueDart,road,510.9,51.22,5.81,5590.12,Yes
SHIP100121,Kolkata,Bangalore,XpressBees,road,596.8,53.41,6.82,6450.1,Yes
SHIP100470,bangalore,Kolkata,Delhivery,Road,196.9,358.01,2.12,6288.41,Yes
SHIP100435,Mumbai,Mumbai,Ekart,road,492.9,54.43,3.77,5007.31,Yes
SHIP100307,Delhi,Hyderabad,DTDC,Road,314.7,3.85,4.47,2543.28,Yes
SHIP100463,Chennai,bangalore,Delhivery,road,485.0,35.93,5.6,5298.09,Yes
SHIP100158,Kolkata,Mumbai,DTDC,road,234.7,68.17,2.6,3221.58,Yes
SHIP100085,Chennai,Bangalore,Delhivery,Road,483.2,87.06,5.71,,Yes
SHIP100225,Kolkata,PUNE,Ekart,road,163.0,82.38,2.4,2823.26,Yes
SHIP100262,Bangalore,Kolkata,BlueDart,Air,502.8,107.72,4.34,5553.63,Yes
SHIP100331,bangalore,Mumbai,XpressBees,Road,704.2,24.52,8.91,5339.16,No
SHIP100403,Delhi,mumbai,DTDC,Rail,602.5,66.12,6.87,5006.27,Yes
SHIP100076,Hyderabad,Mumbai,DTDC,Road,684.3,41.32,8.32,6939.55,Yes
SHIP100438,PUNE,Mumbai,XpressBees,Air,484.1,85.25,6.11,4990.11,Yes
SHIP100376,PUNE,Bangalore,DTDC,Road,366.4,87.59,4.55,,Yes
SHIP100087,Mumbai,Delhi,Ekart,road,275.1,134.76,5.36,4711.05,No
SHIP100031,Pune,Kolkata,Ekart,Road,450.5,156.67,3.97,7046.45,Yes
SHIP100182,Mumbai,bangalore,BlueDart,road,348.4,292.89,3.82,7657.61,Yes
SHIP100105,Delhi,Hyderabad,BlueDart,Road,617.0,216.58,7.27,7550.25,Yes
SHIP100401,Mumbai,Mumbai,BlueDart,Road,428.3,,5.85,6157.0,Yes
SHIP100049,Chennai,Delhi,Ekart,Road,483.0,197.88,5.67,6431.33,Yes
SHIP100417,Kolkata,Delhi,BlueDart,Road,595.5,51.75,7.5,6357.94,Yes
SHIP100005,Kolkata,,Ekart,road,213.9,82.16,3.8,3371.62,Yes
SHIP100017,Chennai,Delhi,DTDC,Road,424.1,64.37,5.48,4829.93,Yes
SHIP100234,Delhi,bangalore,Delhivery,Rail,341.6,8.39,5.64,2522.64,Yes
SHIP100405,bangalore,Chennai,XpressBees,road,433.7,20.42,5.27,3619.59,Yes
SHIP100399,Chennai,bangalore,Delhivery,Rail,274.6,174.59,5.06,4455.86,Yes
SHIP100106,Pune,Kolkata,DTDC,Road,460.3,41.02,5.12,4471.01,Yes
SHIP100134,mumbai,Kolkata,BlueDart,Road,521.9,86.38,38.82,5606.56,No
SHIP100406,Pune,Hyderabad,BlueDart,Air,509.8,75.9,5.86,5162.73,Yes
SHIP100226,Pune,Chennai,DTDC,Road,542.4,142.53,5.08,7402.51,Yes
SHIP100214,Hyderabad,bangalore,DTDC,Air,383.0,16.42,6.15,2911.39,Yes
SHIP100190,PUNE,Mumbai,DTDC,Road,590.1,92.71,7.9,5908.49,Yes
SHIP100445,mumbai,bangalore,Delhivery,Rail,697.3,66.59,6.29,5892.12,Yes
SHIP100320,Bangalore,Kolkata,Delhivery,Road,537.3,113.61,4.33,6187.18,Yes
SHIP100282,Bangalore,mumbai,Delhivery,AIR,528.6,60.82,5.35,5580.31,Yes
SHIP100029,PUNE,Kolkata,BlueDart,road,480.7,30.51,4.15,4416.25,Yes
SHIP100169,mumbai,Kolkata,XpressBees,road,371.3,23.72,5.34,2958.38,Yes
SHIP100180,bangalore,mumbai,BlueDart,road,350.7,13.53,5.79,3569.99,Yes
SHIP100100,mumbai,Delhi,BlueDart,Road,689.1,101.39,7.53,7763.88,Yes
SHIP100197,PUNE,Delhi,XpressBees,Road,622.0,41.46,6.31,6130.94,Yes
SHIP100209,Pune,PUNE,Ekart,Rail,783.7,7.11,,5848.02,No
SHIP100135,Kolkata,Chennai,XpressBees,Road,332.8,28.89,3.97,2865.68,Yes
SHIP100475,Chennai,Chennai,DTDC,Rail,187.6,30.82,4.4,2014.35,Yes
SHIP100433,Pune,Mumbai,Delhivery,Air,659.1,74.17,7.15,7559.84,Yes
SHIP100198,mumbai,mumbai,BlueDart,AIR,465.9,98.42,4.01,5981.19,Yes
SHIP100373,Pune,Mumbai,Ekart,Rail,508.4,31.47,7.1,4561.71,Yes
SHIP100166,Kolkata,Delhi,Ekart,road,428.2,156.78,4.17,5882.13,Yes
SHIP100388,Delhi,mumbai,XpressBees,road,542.5,263.1,5.55,8883.95,Yes
SHIP100136,Hyderabad,mumbai,Ekart,Road,354.8,144.19,4.37,5779.01,Yes
SHIP100285,Chennai,Pune,XpressBees,road,268.2,60.39,4.4,2894.59,Yes
SHIP100335,Pune,Bangalore,Ekart,AIR,527.1,78.46,7.35,4705.14,Yes
SHIP100131,bangalore,Delhi,Ekart,Air,661.2,4.67,5.55,5642.01,Yes
SHIP100039,PUNE,Mumbai,Delhivery,AIR,409.5,52.36,5.7,4383.2,Yes
SHIP100215,Mumbai,Kolkata,DTDC,road,646.0,108.49,7.19,6622.74,Yes
SHIP100043,Hyderabad,Kolkata,DTDC,Road,586.6,52.66,8.33,5431.17,No
SHIP100054,Chennai,Bangalore,XpressBees,AIR,665.4,83.9,7.2,5861.16,Yes
SHIP100479,Hyderabad,Delhi,Delhivery,Rail,691.3,85.25,7.04,6206.28,Yes
SHIP100299,Hyderabad,Hyderabad,BlueDart,Road,404.6,97.95,4.17,4662.66,Yes
SHIP100460,bangalore,Hyderabad,XpressBees,Road,457.8,67.04,5.85,5204.98,Yes
SHIP100304,Pune,Hyderabad,Delhivery,Road,417.5,20.41,4.16,4303.81,Yes
SHIP100035,Delhi,mumbai,BlueDart,Road,182.7,119.38,3.75,3562.56,Yes
SHIP100315,Kolkata,mumbai,Delhivery,road,644.4,192.84,8.33,,Yes
SHIP100309,Mumbai,Kolkata,Ekart,Road,656.7,68.73,,7235.52,Yes
SHIP100276,Mumbai,PUNE,Ekart,Road,481.8,49.89,5.27,5284.87,Yes
SHIP100124,Mumbai,Mumbai,,Road,419.9,110.81,6.37,5321.65,Yes
SHIP100142,Hyderabad,Mumbai,Ekart,Road,493.3,66.18,4.81,5632.24,Yes
SHIP100110,Mumbai,Delhi,XpressBees,road,546.9,34.72,5.22,4582.32,Yes
SHIP100323,Kolkata,Bangalore,Delhivery,Rail,635.4,,5.79,6823.8,Yes
SHIP100332,Kolkata,Delhi,BlueDart,Air,435.7,163.37,,5402.64,Yes
SHIP100393,Kolkata,Delhi,Delhivery,Air,649.7,218.57,6.76,8526.06,Yes
SHIP100441,mumbai,Delhi,Delhivery,Air,572.0,110.88,5.39,5920.0,Yes
SHIP100107,Chennai,Chennai,DTDC,Road,498.3,32.5,4.16,4165.86,Yes
SHIP100465,Kolkata,PUNE,DTDC,road,212.4,87.38,3.57,2675.46,Yes
SHIP100012,Chennai,bangalore,Delhivery,AIR,437.3,125.33,5.65,4652.13,Yes
SHIP100272,Chennai,Mumbai,XpressBees,Air,267.2,198.19,3.99,5639.69,Yes
SHIP100047,PUNE,mumbai,DTDC,Road,520.5,136.34,5.17,7344.28,Yes
SHIP100203,Bangalore,Bangalore,Delhivery,Road,114.0,69.6,1.41,2003.2,Yes
SHIP100430,PUNE,Chennai,DTDC,Road,431.2,66.52,5.71,4355.21,Yes
SHIP100119,Hyderabad,Hyderabad,Ekart,Rail,400.2,60.6,5.25,3899.99,Yes
SHIP100021,Mumbai,Delhi,Delhivery,road,669.4,43.48,6.59,5552.5,Yes
SHIP100402,bangalore,Delhi,DTDC,Air,400.2,54.48,3.21,4819.1,Yes
SHIP100083,Mumbai,Bangalore,BlueDart,Rail,474.6,83.85,6.71,5294.57,Yes
SHIP100130,PUNE,Pune,XpressBees,Rail,569.3,61.82,5.69,5778.33,Yes
SHIP100449,Pune,Pune,XpressBees,road,686.7,48.92,6.0,5970.45,Yes
SHIP100485,Pune,PUNE,DTDC,road,314.6,102.88,4.94,3558.35,Yes
SHIP100329,Hyderabad,Delhi,DTDC,Road,257.8,55.62,3.51,2559.51,Yes
SHIP100229,Hyderabad,Bangalore,DTDC,Road,20.0,71.26,1.22,1362.28,Yes
SHIP100498,Hyderabad,mumbai,Ekart,Air,165.4,116.52,1.98,3643.54,Yes
SHIP100286,mumbai,bangalore,Delhivery,Air,561.4,59.41,6.6,5437.44,Yes
SHIP100123,bangalore,Hyderabad,Delhivery,road,345.0,,5.65,3890.55,Yes
SHIP100033,Pune,Pune,XpressBees,Air,664.3,218.68,5.76,8645.54,Yes
SHIP100477,Hyderabad,Chennai,Delhivery,Rail,314.6,62.77,4.99,3727.44,Yes
SHIP100004,bangalore,Hyderabad,Ekart,Road,451.9,246.75,6.27,7944.72,Yes
SHIP100411,Hyderabad,Chennai,,Air,403.3,59.75,6.09,3571.96,Yes
SHIP100019,mumbai,Hyderabad,XpressBees,Road,558.0,106.89,6.52,6091.6,Yes
SHIP100219,Chennai,PUNE,DTDC,road,248.5,63.23,4.02,3256.16,Yes
SHIP100379,Pune,Pune,DTDC,Road,403.4,186.95,4.98,6896.95,Yes
SHIP100067,Chennai,Pune,BlueDart,Rail,637.2,40.64,7.67,6340.53,Yes
SHIP100419,bangalore,Delhi,BlueDart,Road,780.9,77.68,,7707.96,Yes
SHIP100356,Kolkata,Chennai,BlueDart,road,270.1,,2.03,4175.48,Yes
SHIP100149,Hyderabad,Mumbai,DTDC,AIR,571.2,101.5,7.95,6724.19,No
SHIP100224,bangalore,Mumbai,Ekart,Air,366.1,85.83,4.18,4348.37,Yes
SHIP100247,Chennai,Pune,BlueDart,Rail,305.4,39.3,,2709.66,No
SHIP100446,Pune,Pune,DTDC,road,425.3,120.86,4.54,5888.14,Yes
SHIP100151,bangalore,mumbai,Delhivery,Air,229.6,58.45,2.94,3097.79,Yes
SHIP100484,Chennai,PUNE,XpressBees,Road,488.4,94.59,6.62,4544.75,Yes
SHIP100317,Chennai,Chennai,XpressBees,Rail,680.6,,9.31,,No
SHIP100291,Pune,Bangalore,DTDC,Air,697.5,151.96,6.37,9006.62,Yes
SHIP100233,Mumbai,Hyderabad,DTDC,Road,367.7,68.18,5.06,3637.47,Yes
SHIP100010,PUNE,Pune,BlueDart,Road,460.2,204.12,5.63,5780.81,Yes
SHIP100279,bangalore,Kolkata,BlueDart,Air,465.5,200.32,5.59,7188.0,Yes
SHIP100071,Delhi,Kolkata,BlueDart,Rail,362.2,91.55,3.49,4856.25,Yes
SHIP100252,Bangalore,Kolkata,Ekart,Road,20.0,157.76,1.85,2578.28,Yes
SHIP100092,Delhi,Pune,BlueDart,Road,663.4,65.24,7.98,,Yes
SHIP100483,Hyderabad,Pune,Delhivery,AIR,570.8,57.31,37.11,4994.89,No
SHIP100349,mumbai,Bangalore,Delhivery,Road,655.2,77.32,8.0,6215.94,Yes
SHIP100415,Delhi,Delhi,Ekart,road,645.5,29.11,5.79,5993.1,Yes
SHIP100374,bangalore,Mumbai,XpressBees,road,237.8,58.16,3.81,3181.24,Yes
SHIP100400,Delhi,Pune,Delhivery,AIR,649.3,36.25,6.81,6137.33,Yes
SHIP100192,Chennai,Delhi,Ekart,Rail,302.7,122.14,4.88,3821.84,Yes
SHIP100257,Pune,Delhi,DTDC,Road,542.9,226.75,5.46,6952.26,Yes
SHIP100488,PUNE,PUNE,BlueDart,road,643.7,13.26,6.52,4559.41,Yes
SHIP100339,Kolkata,Chennai,Delhivery,Road,916.1,72.85,11.24,7460.24,No
SHIP100495,Mumbai,Kolkata,BlueDart,Air,164.9,84.67,0.5,2839.9,Yes
SHIP100195,Chennai,bangalore,XpressBees,Air,368.4,128.87,5.3,5751.73,Yes
SHIP100343,PUNE,Pune,BlueDart,Road,386.4,194.39,5.02,6226.42,Yes
SHIP100137,Delhi,Delhi,DTDC,Road,555.5,159.77,5.46,6023.29,Yes
SHIP100260,mumbai,mumbai,DTDC,road,593.0,137.84,6.87,6403.46,Yes
SHIP100038,mumbai,Kolkata,BlueDart,Rail,204.0,41.04,5.08,2562.98,No
SHIP100201,Mumbai,Bangalore,Ekart,Road,415.1,58.71,6.53,,No
SHIP100472,Kolkata,Bangalore,DTDC,Air,179.2,134.24,3.74,3922.23,Yes
SHIP100290,Delhi,Kolkata,Delhivery,Road,417.1,8.81,5.09,3503.11,Yes
SHIP100448,Mumbai,Bangalore,DTDC,Air,740.2,52.98,6.8,7472.69,Yes
SHIP100189,bangalore,mumbai,BlueDart,Rail,556.7,27.29,7.48,4742.39,Yes
SHIP100251,PUNE,mumbai,XpressBees,Road,315.5,222.25,4.08,5652.42,Yes
SHIP100112,Delhi,Kolkata,DTDC,Road,384.3,5.46,5.75,3061.61,Yes
SHIP100437,Delhi,Mumbai,Ekart,Road,540.2,76.99,4.22,4686.9,Yes
SHIP100183,Mumbai,Kolkata,Delhivery,AIR,483.2,75.64,4.94,5441.5,Yes
SHIP100152,Bangalore,Hyderabad,Ekart,Road,412.4,55.45,4.72,4936.29,Yes
SHIP100312,Hyderabad,mumbai,XpressBees,Air,615.5,73.93,8.67,5867.16,No
SHIP100325,Kolkata,Kolkata,XpressBees,road,377.3,184.1,5.15,5500.0,Yes
SHIP100191,bangalore,Bangalore,Delhivery,road,350.8,333.66,3.94,7699.42,Yes
SHIP100044,Kolkata,Hyderabad,Delhivery,AIR,346.2,34.61,4.76,3708.55,Yes
SHIP100444,Chennai,Pune,DTDC,Road,542.0,123.83,5.35,7289.22,Yes
SHIP100275,Mumbai,Pune,BlueDart,Air,574.8,48.67,5.01,5118.16,Yes
SHIP100006,Pune,Pune,Ekart,Road,258.3,63.12,3.88,3526.81,Yes
SHIP100250,Chennai,Delhi,Delhivery,Road,1952.9,128.09,16.74,16041.39,Yes
SHIP100311,mumbai,Hyderabad,Ekart,Air,191.1,53.65,3.0,,Yes
SHIP100075,Kolkata,bangalore,DTDC,Air,503.9,210.54,5.76,7668.65,Yes
SHIP100000,bangalore,Hyderabad,BlueDart,Road,445.5,83.56,5.35,4666.9,Yes
SHIP100428,PUNE,Chennai,Delhivery,Rail,621.1,101.22,3.91,6036.85,Yes
SHIP100391,Delhi,PUNE,DTDC,Road,538.1,100.68,5.08,6930.64,Yes
SHIP100383,Kolkata,Chennai,BlueDart,Road,207.7,133.28,3.23,3601.48,Yes
SHIP100432,Kolkata,Bangalore,Delhivery,AIR,462.6,28.74,6.82,3683.14,Yes
SHIP100068,bangalore,bangalore,Ekart,Road,341.0,40.02,5.25,3791.15,Yes
SHIP100486,Mumbai,Kolkata,BlueDart,Road,392.6,47.45,5.84,3781.25,Yes
SHIP100167,PUNE,Delhi,,Air,525.5,46.15,5.79,5295.83,Yes
SHIP100392,Mumbai,Mumbai,Ekart,Road,564.2,116.29,6.94,5729.08,Yes
SHIP100218,mumbai,Delhi,DTDC,Road,362.0,80.13,4.47,4670.51,Yes
SHIP100042,Kolkata,Chennai,Delhivery,Road,547.5,50.49,6.58,4579.07,Yes
SHIP100366,Chennai,Kolkata,DTDC,AIR,669.1,29.28,8.05,5679.21,Yes
SHIP100345,Chennai,Chennai,DTDC,Rail,396.8,141.05,6.15,5783.54,Yes
SHIP100072,mumbai,PUNE,BlueDart,Road,838.3,,9.73,7895.33,Yes
SHIP100023,Bangalore,Delhi,BlueDart,Rail,718.3,85.86,9.05,8038.72,No
SHIP100398,Hyderabad,Bangalore,DTDC,Air,426.1,148.42,4.84,6029.59,Yes
SHIP100185,mumbai,mumbai,XpressBees,Road,811.1,54.43,8.04,7515.96,Yes
SHIP100348,mumbai,Chennai,Ekart,road,268.8,65.54,4.96,3596.86,Yes
SHIP100103,bangalore,Pune,XpressBees,Road,839.7,67.09,8.45,7111.81,Yes
SHIP100407,Kolkata,mumbai,BlueDart,AIR,484.3,46.17,5.66,4269.09,Yes
SHIP100211,PUNE,Bangalore,Delhivery,road,554.8,94.57,5.98,6175.24,Yes
SHIP100067,Chennai,Pune,BlueDart,Rail,637.2,40.64,7.67,6340.53,Yes
SHIP100047,PUNE,mumbai,DTDC,Road,520.5,136.34,5.17,7344.28,Yes
SHIP100025,Mumbai,Hyderabad,DTDC,AIR,389.3,28.82,4.03,3032.69,Yes
SHIP100196,Delhi,Delhi,Delhivery,Road,575.3,98.61,5.68,6217.8,Yes
SHIP100175,Mumbai,Pune,XpressBees,Air,617.9,272.52,7.32,9355.69,Yes
